EmpID,ManagerID,Department,Position,Salary,PerformanceScore,EngagementSurvey,EmpSatisfaction,DaysLateLast30,Absences,Termd,TenureDays,DaysSinceLastReview,PredictedRisk,PredictedClass
f75522ac0d,39.0,Production       ,Production Technician II,67176,Fully Meets,4.1,4,0,15,1,6840,5725,0.9999999286201198,1
9326314e91,12.0,Production       ,Production Technician II,68898,PIP,3.0,3,3,10,1,5804,5490,0.9999997974457067,1
373bbdeff3,19.0,Production       ,Production Technician I,58062,Fully Meets,3.6,5,0,9,1,5545,5518,0.9999997181418241,1
38cc9a6a47,14.0,Production       ,Production Technician II,59369,Fully Meets,4.2,4,0,6,1,5678,5431,0.9999985514030288,1
090c67d97d,10.0,Software Engineering,Software Engineer,99280,Needs Improvement,2.1,5,4,19,1,5433,4967,0.9999977374555321,1
831eb8fca0,39.0,Production       ,Production Technician I,60754,Fully Meets,4.5,5,0,11,1,6168,5144,0.9999976181284819,1
3774f86882,14.0,Production       ,Production Technician II,64971,Fully Meets,4.5,4,0,10,1,5286,5260,0.9999974606693223,1
e1de590f97,12.0,Production       ,Production Technician I,64724,Fully Meets,5.0,3,0,13,1,5369,5139,0.9999963828744091,1
0f558a28d0,19.0,Production       ,Production Technician II,55965,Fully Meets,3.66,3,0,6,1,5461,5183,0.9999960373704927,1
cffd08d847,2.0,Production       ,Production Manager,83082,Needs Improvement,2.34,2,3,4,1,5503,5087,0.9999948126637727,1
af2dfb9f7c,20.0,Production       ,Production Technician II,55578,Fully Meets,4.2,5,0,13,1,5369,5184,0.9999938182721865,1
59f713f096,12.0,Production       ,Production Technician II,64066,Fully Meets,4.2,5,0,9,1,5419,5066,0.9999937616683118,1
2c740dfa38,12.0,Production       ,Production Technician II,55800,PIP,3.0,2,6,6,1,5328,4810,0.9999929873034075,1
36474d8b8d,2.0,Production       ,Production Manager,80512,Fully Meets,4.5,3,0,5,1,5286,5188,0.9999923547626195,1
5983b3dde8,30.0,Production       ,Production Technician II,63478,Fully Meets,3.03,5,0,16,1,5328,5125,0.9999917075387921,1
e889aed43a,20.0,Production       ,Production Technician II,64955,Fully Meets,3.02,3,0,3,1,5369,5054,0.9999843277119309,1
7cdf6b6585,11.0,Production       ,Production Technician II,68407,Fully Meets,5.0,4,0,16,1,5369,5006,0.999982955049712,1
9e64d90c05,17.0,Sales,Area Sales Manager,74326,Fully Meets,3.14,5,1,19,1,5328,4783,0.999980332629788,1
5165022d60,11.0,Production       ,Production Technician I,45433,Fully Meets,3.49,4,0,6,1,5286,4794,0.9999746216485652,1
62ede0bb1e,16.0,Production       ,Production Technician I,63515,Fully Meets,3.89,4,0,7,1,5517,4761,0.9999740083297153,1
905753de6b,18.0,Production       ,Production Technician II,68099,Fully Meets,5.0,3,0,15,1,5545,4794,0.9999739598488819,1
f2acc9852c,18.0,Production       ,Production Technician I,63813,Fully Meets,5.0,5,0,17,1,5503,4670,0.9999711831523737,1
cf362b0e61,11.0,Production       ,Production Technician II,68182,Fully Meets,3.72,3,0,18,1,5503,4792,0.9999681269621601,1
93d048cc7c,14.0,Production       ,Production Technician I,53492,Fully Meets,3.35,4,0,6,1,5097,4761,0.9999648725913369,1
d1bc61b8b2,11.0,Production       ,Production Technician II,72609,Fully Meets,4.76,5,0,20,1,5419,4729,0.9999609296893824,1
a8ef97da6c,39.0,Production       ,Production Technician I,50470,Fully Meets,4.3,3,0,19,1,5286,4763,0.9999530771575993,1
b61072c8f6,20.0,Production       ,Production Technician II,61962,Fully Meets,4.9,3,0,20,1,5097,4773,0.9999510310793622,1
9289424b51,17.0,Sales,Area Sales Manager,71707,Fully Meets,4.5,5,0,20,1,5123,4792,0.9999451925094185,1
94f364c941,19.0,Production       ,Production Technician II,57954,Exceeds,4.2,5,0,12,1,5419,4814,0.9999445388304021,1
07e2b6c7fa,15.0,Sales,Sales Manager,68999,Fully Meets,4.5,5,0,2,1,5244,4735,0.9999314271511488,1
5dd495036d,20.0,Production       ,Production Technician I,46430,Fully Meets,4.5,5,0,16,1,4922,4732,0.9999230147308525,1
8a8e59cbd7,16.0,Production       ,Production Technician I,50274,Needs Improvement,2.5,3,6,13,1,4964,4211,0.999911209956609,1
849bfc4f3d,1.0,Admin Offices,Administrative Assistant,55000,Fully Meets,3.8,4,0,17,1,5286,4597,0.9998731978135744,1
887cb66ea1,39.0,Production       ,Production Technician II,71966,Fully Meets,5.0,3,0,17,1,5055,4641,0.9998049207290485,1
7ec359bc94,16.0,Production       ,Production Technician II,57815,Fully Meets,4.8,5,0,5,1,5545,4396,0.9997142631028498,1
e58d01d4a7,11.0,Production       ,Production Technician II,60270,Needs Improvement,2.4,5,5,2,1,5369,4057,0.999709305084725,1
cc05c15df1,2.0,Software Engineering,Software Engineer,83363,Fully Meets,4.15,4,0,4,1,5503,4350,0.9995685718099295,1
e795cdc6c1,17.0,Sales,Area Sales Manager,59370,Fully Meets,3.97,4,0,7,1,4271,4444,0.9995615541658752,1
350f95baa5,11.0,Production       ,Production Technician II,74813,Fully Meets,4.4,3,0,5,1,5545,4454,0.9995545155980629,1
a6c43c714c,12.0,Production       ,Production Technician I,48513,PIP,3.2,2,5,4,1,6405,3849,0.9995542636652072,1
0d76b0a206,39.0,Production       ,Production Technician I,58371,Fully Meets,5.0,5,0,11,1,5545,4324,0.9995171763464281,1
705fc84f1a,11.0,Production       ,Production Technician I,45998,Fully Meets,3.45,4,0,5,1,5419,4326,0.9994045655079133,1
ed474e6926,19.0,Production       ,Production Technician I,59728,Fully Meets,4.3,4,0,16,1,5181,4306,0.999355188450111,1
faae90c11b,39.0,Production       ,Production Technician I,54933,Needs Improvement,3.97,4,3,15,1,5097,4074,0.9991366935586485,1
629592eff2,14.0,Production       ,Production Technician II,66074,Fully Meets,4.52,3,0,20,1,4817,4408,0.9990465711323119,1
3285f61a58,2.0,Production       ,Production Manager,74312,Fully Meets,3.39,3,0,14,1,4551,4408,0.998711296831484,1
c9d15d6210,22.0,Production       ,Production Technician II,63878,Fully Meets,4.68,4,0,20,1,5986,4002,0.9985222399638093,1
193b5b531c,18.0,Production       ,Production Technician I,49773,Exceeds,4.3,5,0,18,1,5286,4062,0.9985052904874286,1
c710fcca22,39.0,Production       ,Production Technician I,54005,Fully Meets,3.6,5,0,16,1,5286,4034,0.9984041038418968,1
8c747f11b9,5.0,IT/IS,IT Manager - DB,148999,Fully Meets,4.3,4,0,8,1,5181,4090,0.9981098412655507,1
cd96172829,4.0,IT/IS,Database Administrator,110000,Fully Meets,4.5,4,0,8,1,4271,4079,0.9979322518745745,1
132a1ab6c5,39.0,Production       ,Production Technician I,52177,Fully Meets,4.64,4,0,8,1,5181,3972,0.997524018246524,1
cce6cf158e,2.0,Production       ,Production Manager,82758,Fully Meets,4.78,4,0,9,1,5545,4048,0.9974880290952941,1
6edef2e838,11.0,Production       ,Production Technician I,50428,Fully Meets,5.0,3,0,11,1,5545,4084,0.9972574405739353,1
7e86bbd350,39.0,Production       ,Production Technician I,47434,Exceeds,5.0,4,0,17,1,5244,4061,0.9972081419669738,1
3d3f94192c,11.0,Production       ,Production Technician I,55140,Fully Meets,5.0,3,0,7,1,5419,4048,0.9964384169540565,1
879a2f50a0,18.0,Production       ,Production Technician II,58275,Fully Meets,4.62,5,0,1,1,5461,3968,0.9963128315647846,1
548f9e872f,16.0,Production       ,Production Technician I,45115,Fully Meets,5.0,4,0,11,1,5419,4005,0.996284026895668,1
d5e8fea28e,11.0,Production       ,Production Technician I,64786,Fully Meets,4.3,4,0,3,1,5377,4025,0.9958693819030697,1
33f42cf25b,2.0,Production       ,Production Manager,74669,Fully Meets,4.16,5,0,6,1,5622,4030,0.995459956454669,1
fd39af35bd,7.0,IT/IS,Network Engineer,75281,Fully Meets,5.0,3,0,11,1,4089,3989,0.9949283226172418,1
6ce518d6fc,4.0,IT/IS,Database Administrator,114800,Fully Meets,4.6,4,0,10,1,4047,4074,0.9949043185869397,1
907e20aa61,14.0,Production       ,Production Technician I,62425,Exceeds,4.1,4,0,16,1,4691,4033,0.9945615776103514,1
1db75dad1e,20.0,Production       ,Production Technician I,59144,Needs Improvement,2.0,3,5,16,1,5363,3607,0.9937959283957631,1
39a24f651f,10.0,Software Engineering,Software Engineer,108987,Exceeds,5.0,5,0,13,1,5244,3866,0.9934425698600102,1
04e6a20455,19.0,Production       ,Production Technician I,61422,Needs Improvement,3.6,3,4,16,1,5545,3633,0.9921951217937809,1
14ddd1122e,16.0,Production       ,Production Technician I,61154,Fully Meets,4.0,4,0,4,1,5545,3695,0.9905571382141509,1
3a65697747,4.0,IT/IS,Data Analyst ,88527,Fully Meets,4.2,3,0,2,1,4089,3984,0.9897156333376783,1
61fc7ce6d4,39.0,Production       ,Production Technician I,57748,Fully Meets,3.13,3,0,16,1,5244,3694,0.9857053429209779,1
b980e5d270,39.0,Production       ,Production Technician I,50825,Fully Meets,5.0,4,0,2,1,5363,3697,0.985682286474282,1
6d67e866e7,1.0,Admin Offices,Administrative Assistant,49920,Fully Meets,3.24,3,0,6,1,4047,3989,0.9836448150214242,1
08d0b88189,14.0,Production       ,Production Technician I,54670,Fully Meets,4.2,4,0,12,1,5545,3699,0.983452902077205,1
238e635694,18.0,Production       ,Production Technician I,62659,Fully Meets,4.18,4,0,17,1,5097,3693,0.9775845126185748,1
d8a847f05c,4.0,IT/IS,Data Analyst,93093,Fully Meets,4.7,4,0,19,1,4124,3713,0.9758132004174539,1
671c292826,39.0,Production       ,Production Technician I,53564,Needs Improvement,3.54,5,4,15,1,5545,3267,0.9746035150325411,1
67485ee0f4,11.0,Production       ,Production Technician I,46664,Fully Meets,3.18,3,0,10,1,4733,3663,0.9730456788465428,1
2b42cba299,20.0,Production       ,Production Technician I,58523,Exceeds,4.5,5,0,15,1,4964,3697,0.9726676621428068,1
4e14e3ac39,16.0,Production       ,Production Technician I,59124,Needs Improvement,2.3,3,5,19,1,4411,3348,0.9695416790101334,1
615d86a481,11.0,Production       ,Production Technician I,48413,Fully Meets,3.98,4,0,1,1,5369,3667,0.9680772075635158,1
a93f8ae774,39.0,Production       ,Production Technician I,55722,Fully Meets,5.0,4,0,14,1,5419,3636,0.9670465364480555,1
3f8f8fadbc,16.0,Production       ,Production Technician I,51505,Fully Meets,4.24,4,0,2,1,5244,3609,0.9619922039802742,1
7fd8ca3d85,20.0,Production       ,Production Technician I,47211,Fully Meets,4.2,3,0,15,1,5097,3602,0.9573909575274983,1
da7cdcd323,4.0,IT/IS,Enterprise Architect,103613,Fully Meets,3.5,5,0,2,1,4411,3719,0.9549538649350048,1
11e01f18a2,4.0,IT/IS,Sr. DBA,104437,Fully Meets,4.96,3,0,17,1,4005,3674,0.9445530113105315,1
310448c5c1,12.0,Production       ,Production Technician II,70507,Exceeds,5.0,3,0,7,1,4817,3710,0.9431593016738489,1
7556661af0,22.0,Production       ,Production Technician II,67237,Fully Meets,4.65,4,0,15,1,4635,3567,0.8971924117497106,1
90b1cfb300,18.0,Production       ,Production Technician I,57834,Fully Meets,5.0,4,0,20,1,5503,3268,0.888068869262813,1
8fb202f5ae,20.0,Production       ,Production Technician I,60070,Fully Meets,5.0,3,0,7,1,5461,3264,0.852251405164996,1
95b3700a21,22.0,Production       ,Production Technician I,52505,Fully Meets,5.0,5,0,1,1,4922,3302,0.8484473493977552,1
b907d989f8,4.0,IT/IS,Database Administrator,113999,Fully Meets,4.33,3,0,9,1,4047,3317,0.8335841940729958,1
aae65c5a7d,20.0,Production       ,Production Technician I,63676,Fully Meets,4.88,3,0,17,1,5286,3180,0.8170799106408403,1
75d8e2b2fe,10.0,Software Engineering,Software Engineer,100416,Fully Meets,4.6,3,0,9,1,4775,3320,0.8041788036339431,1
2234c8d623,22.0,Production       ,Production Technician I,60340,Needs Improvement,5.0,4,5,16,1,5097,2896,0.7949952989978453,1
26868c7327,16.0,Production       ,Production Technician II,72202,Fully Meets,3.93,3,0,3,1,5419,3255,0.7823418691222214,1
9030d63435,11.0,Production       ,Production Technician I,52788,Fully Meets,3.08,4,0,18,1,4922,3272,0.7377908553030892,1
6d423a9cd0,22.0,Production       ,Production Technician I,46428,Fully Meets,4.6,5,0,7,1,6280,2962,0.7056478660022608,1
7d56b226db,20.0,Production       ,Production Technician I,52674,PIP,2.33,2,6,3,1,4369,2930,0.6738326565367627,1
ae286d2536,22.0,Production       ,Production Technician I,46837,Exceeds,4.7,4,0,9,1,5244,2953,0.5260703239192122,1
e1f5022a5a,20.0,Production       ,Production Technician I,46799,Fully Meets,3.17,4,0,14,1,5419,2906,0.4821020423680156,0
e0b4e6c4f1,4.0,IT/IS,Principal Data Architect,120000,Fully Meets,3.88,3,0,12,1,4089,2954,0.42769424633186803,0
28e2072f18,22.0,Production       ,Production Technician I,61729,Fully Meets,3.8,5,0,19,1,5286,2963,0.4084996119423477,0
22b71b06d2,22.0,Production       ,Production Technician I,52624,Fully Meets,3.18,4,0,16,1,5369,2937,0.3573675649332841,0
0ad6f49bfd,12.0,Production       ,Production Technician I,64021,PIP,2.4,2,6,20,0,5139,2577,0.3499191398297187,0
bba040631c,20.0,Production       ,Production Technician I,53180,Fully Meets,5.0,5,0,4,1,5461,2815,0.34857528598753845,0
6d160aacb0,21.0,Sales,Area Sales Manager,70187,PIP,2.0,5,4,7,1,4187,2605,0.333510017761019,0
27f2b87088,11.0,Production       ,Production Technician I,64057,PIP,1.56,5,6,15,0,3963,2630,0.2877808183489661,0
a405e94f22,5.0,IT/IS,IT Manager - Infra,157000,Needs Improvement,2.39,3,4,13,0,5144,2580,0.27893716999538176,0
c02db012f5,2.0,Production       ,Production Manager,68051,Needs Improvement,4.13,2,3,3,0,5719,2619,0.2659275427083227,0
e206d46ea3,14.0,Production       ,Production Technician I,47001,Fully Meets,3.66,3,0,15,0,6707,2577,0.24318268461577547,0
2158e1eb1c,16.0,Production       ,Production Technician I,64991,Fully Meets,4.84,5,0,15,0,6644,2630,0.20368141639680662,0
56fe0b571d,10.0,Software Engineering,Software Engineer,101199,Fully Meets,3.79,5,0,8,0,5181,2608,0.19783569654179753,0
f215683735,2.0,IT/IS,CIO,220450,Exceeds,4.6,5,0,16,0,5820,2581,0.18059253292010602,0
5246504026,22.0,Production       ,Production Technician II,66441,Needs Improvement,2.0,3,2,3,0,5461,2575,0.17978294392096567,0
007213d77f,21.0,Sales,Area Sales Manager,67251,Fully Meets,4.3,3,2,7,0,5306,2606,0.17543018831561108,0
053ee3f4fd,14.0,Production       ,Production Technician I,63025,Needs Improvement,2.44,5,4,18,0,4411,2591,0.1738914717352282,0
c0c5d0a95a,16.0,Production       ,Production Technician I,59026,Fully Meets,5.0,5,0,12,0,5461,2619,0.15942293181498846,0
3345c02175,21.0,Sales,Area Sales Manager,64397,Exceeds,4.1,3,0,6,0,7372,2629,0.15798305348322447,0
9827490b9a,19.0,Production       ,Production Technician I,62514,Fully Meets,2.9,3,0,6,0,5804,2612,0.15751489576468336,0
962d274d01,17.0,Sales,Area Sales Manager,61568,PIP,1.93,3,6,5,0,4187,2603,0.15512632134172277,0
1cdf04711d,14.0,Production       ,Production Technician I,46335,Fully Meets,3.4,5,0,15,0,5097,2583,0.14120601931054363,0
ffa5487c8a,18.0,Production       ,Production Technician II,57975,Fully Meets,4.1,3,0,13,0,5678,2623,0.14009635887741587,0
fb96e9d47b,20.0,Production       ,Production Technician I,47961,Fully Meets,4.1,4,0,9,0,5545,2595,0.13510796696276534,0
0e584c65d9,12.0,Production       ,Production Technician I,58530,Fully Meets,5.0,5,0,19,0,5181,2604,0.13273357514793674,0
b84c149568,11.0,Production       ,Production Technician I,53189,PIP,1.12,2,4,9,0,4271,2602,0.12896326924798815,0
4664e60044,1.0,Admin Offices,Accountant I,63000,Fully Meets,4.5,2,0,14,0,6350,2618,0.12853710612288252,0
7880bca347,22.0,Production       ,Production Technician I,53060,Needs Improvement,4.25,3,4,6,0,4411,2598,0.12403773715823527,0
8dbe039532,5.0,Software Engineering,Software Engineering Manager,77692,Fully Meets,3.84,3,0,4,0,5328,2612,0.12037750250403334,0
08908fb4b8,12.0,Production       ,Production Technician I,47837,Fully Meets,4.46,3,0,4,0,6098,2608,0.11973603044857176,0
a7bbe42056,,Production       ,Production Technician I,46738,Exceeds,4.36,5,0,16,0,5223,2591,0.11684070939516462,0
ad42da4ebc,18.0,Production       ,Production Technician I,47750,Needs Improvement,2.6,4,5,4,0,3543,2584,0.11223458445123509,0
cae6d28fb6,10.0,Software Engineering,Software Engineer,105688,Fully Meets,4.5,5,0,14,0,4509,2619,0.1107206049698356,0
ce96d2e212,20.0,Production       ,Production Technician I,62810,Fully Meets,3.93,3,0,20,0,4817,2603,0.10924214472830464,0
a62ea4a308,22.0,Production       ,Production Technician I,54828,Fully Meets,4.2,4,0,13,0,5223,2580,0.105255706739675,0
54aa6a4c5e,11.0,Production       ,Production Technician I,51044,Fully Meets,5.0,3,0,13,0,5097,2619,0.10374991684785974,0
366cc90cbe,7.0,IT/IS,Network Engineer,53366,PIP,1.2,3,3,2,0,4005,2598,0.10327682115054924,0
e127fd4e0c,15.0,Sales,Sales Manager,72992,Needs Improvement,2.4,4,2,16,0,4321,2617,0.10061827700075116,0
40a47ac1a2,9.0,Admin Offices,Sr. Accountant,99351,Fully Meets,5.0,3,0,3,0,6280,2594,0.10028833217748345,0
08cc343438,5.0,IT/IS,IT Director,178000,Exceeds,5.0,5,0,15,0,5450,2626,0.10019785440377937,0
3069bc96ff,2.0,Production       ,Director of Operations,170500,Exceeds,3.7,5,0,15,0,6280,2598,0.09947808872845064,0
920667df7b,18.0,Production       ,Production Technician I,58709,Fully Meets,4.6,4,0,7,0,5139,2588,0.09632498545969874,0
54dc9df8c8,21.0,Sales,Area Sales Manager,66808,Fully Meets,3.0,5,0,17,0,5055,2614,0.0921848292598512,0
1cc905df71,17.0,Sales,Area Sales Manager,59231,PIP,2.3,1,2,17,0,5139,2604,0.09115778968868196,0
8223f9a6b4,2.0,Production       ,Production Manager,63682,Fully Meets,3.73,4,0,12,0,6277,2609,0.08883039329523378,0
649bf78412,17.0,Sales,Area Sales Manager,71339,Fully Meets,3.65,5,0,20,0,5489,2616,0.08773678578731,0
ffb7e1d997,14.0,Production       ,Production Technician I,63108,Fully Meets,4.4,5,0,3,0,4635,2619,0.0850306802292732,0
ecbc69cf19,19.0,Production       ,Production Technician I,46998,Fully Meets,4.17,4,0,1,0,4964,2591,0.08304651721660572,0
b3206098b6,16.0,Production       ,Production Technician I,64738,Fully Meets,4.1,3,0,10,0,5055,2580,0.08213730131491208,0
9fc33162fe,4.0,IT/IS,Data Analyst,93554,Exceeds,4.6,5,0,16,0,4145,2629,0.08158554893901782,0
dfec1c365c,12.0,Production       ,Production Technician I,63973,Fully Meets,3.38,3,0,17,0,5545,2612,0.080153789316738,0
b5f63f1cac,11.0,Production       ,Production Technician I,57568,Exceeds,5.0,5,0,15,0,5181,2626,0.08000044298729159,0
a6c4b1e6e8,,Production       ,Production Technician I,50923,Fully Meets,5.0,5,0,14,0,4551,2596,0.07984639430686861,0
f597b2bc54,21.0,Sales,Area Sales Manager,58273,PIP,1.81,2,3,5,0,4327,2616,0.0768229556663214,0
a78a744343,22.0,Production       ,Production Technician I,62506,Exceeds,4.6,5,0,1,0,5369,2616,0.07556503861141024,0
263641d6cb,7.0,IT/IS,Sr. Network Engineer,93206,Fully Meets,4.46,5,0,7,0,4145,2626,0.0751223509952723,0
ce1bd26737,14.0,Production       ,Production Technician I,54132,Fully Meets,5.0,4,0,8,0,5404,2623,0.07429424957465014,0
262859fcd0,6.0,IT/IS,IT Support,66593,Fully Meets,4.3,3,0,19,0,5394,2594,0.07310830304218009,0
e6ccde2b5f,18.0,Production       ,Production Technician I,53171,Fully Meets,4.2,4,0,12,0,5419,2576,0.07020907459117366,0
f3bd0ba092,12.0,Production       ,Production Technician I,63353,Exceeds,3.6,5,0,4,0,4635,2591,0.06984242079251195,0
d000a280c8,19.0,Production       ,Production Technician I,58939,Fully Meets,3.73,3,0,16,0,4509,2609,0.06965873358217547,0
5aade93f13,18.0,Production       ,Production Technician I,59472,Fully Meets,4.8,3,0,14,0,4453,2626,0.0693167961436381,0
a25498d98d,2.0,Production       ,Production Manager,88976,Fully Meets,3.93,3,0,19,0,5342,2575,0.06857763114511699,0
f518623506,20.0,Production       ,Production Technician I,45069,Fully Meets,4.3,5,0,7,0,4551,2580,0.06837817224411043,0
888926003c,19.0,Production       ,Production Technician I,55425,Fully Meets,4.8,4,0,4,0,5139,2626,0.06816416334838775,0
1ee61e78ef,4.0,IT/IS,Data Analyst,87826,Fully Meets,3.32,3,0,16,0,4089,2619,0.06808575662788309,0
d5d6971a67,19.0,Production       ,Production Technician I,64816,Fully Meets,3.58,5,0,3,0,5279,2603,0.06804639501700686,0
e5c1b42898,19.0,Production       ,Production Technician II,62162,Fully Meets,3.25,5,0,15,0,5461,2619,0.06746179967901891,0
5d620fc277,19.0,Production       ,Production Technician I,59365,Fully Meets,5.0,4,0,19,0,4551,2577,0.06665743063887608,0
217632e82f,5.0,IT/IS,IT Manager - DB,140920,Fully Meets,3.6,5,0,13,0,4804,2584,0.06546036483946971,0
b3a0027f89,4.0,IT/IS,Data Analyst,89883,Fully Meets,3.69,5,0,15,0,4047,2588,0.06506197184640913,0
fcb33b533f,14.0,Production       ,Production Technician I,46120,Fully Meets,5.0,5,0,13,0,4999,2598,0.06497076283522871,0
f56f708f15,16.0,Production       ,Production Technician I,59238,Fully Meets,3.4,5,0,13,0,5055,2602,0.06483452815266535,0
b9f8326233,22.0,Production       ,Production Technician I,55688,Fully Meets,5.0,4,0,10,0,4005,2612,0.06416998038277677,0
582460f4ea,17.0,Sales,Area Sales Manager,60120,Fully Meets,4.1,4,0,18,0,5650,2602,0.06387474472479673,0
5a165e6411,12.0,Production       ,Production Technician I,59892,Exceeds,4.5,4,0,1,0,5363,2584,0.06373349254688672,0
118b25bf1c,11.0,Production       ,Production Technician I,62065,Exceeds,4.76,4,0,5,0,4327,2587,0.06144022418054735,0
92ae801538,20.0,Production       ,Production Technician I,64375,Fully Meets,3.5,5,0,17,0,4509,2612,0.061186840541764397,0
f9ff24abdf,22.0,Production       ,Production Technician I,63025,Fully Meets,4.36,5,0,10,0,4089,2609,0.06098997295639989,0
e1247f0aa9,7.0,IT/IS,Network Engineer,76029,Fully Meets,5.0,4,0,8,0,4005,2619,0.060941798236733256,0
7611d35814,21.0,Sales,Area Sales Manager,74241,Exceeds,4.77,5,0,14,0,5545,2606,0.06084313732950923,0
f9cd985942,11.0,Production       ,Production Technician II,63763,Fully Meets,4.51,4,0,3,0,5125,2581,0.060800294188761886,0
a347ad533c,7.0,IT/IS,Network Engineer,52599,Fully Meets,3.81,3,0,6,0,4047,2591,0.060187607491434404,0
1dd485b803,18.0,Production       ,Production Technician I,54285,Fully Meets,4.2,3,0,3,0,4369,2622,0.05820879678309581,0
d066b58509,7.0,IT/IS,Sr. Network Engineer,107226,Fully Meets,4.2,4,0,7,0,4005,2597,0.05792815867020786,0
13703a6352,14.0,Production       ,Production Technician I,62061,Fully Meets,3.6,5,0,4,0,4635,2631,0.057445326169898545,0
c66f25a6bd,16.0,Production       ,Production Technician I,63430,Fully Meets,4.4,4,0,18,0,4733,2616,0.05723979203788339,0
5734391e1c,17.0,Sales,Area Sales Manager,57859,Fully Meets,2.81,3,0,16,0,5369,2616,0.054288133178888004,0
84b022b4df,18.0,Production       ,Production Technician II,72106,Fully Meets,4.1,4,0,12,0,5181,2602,0.053581248148414036,0
1c4f6bcdff,,Production       ,Production Technician I,60380,Fully Meets,3.8,5,0,4,0,4635,2619,0.05345965201042328,0
2b7b022884,12.0,Production       ,Production Technician I,61584,Needs Improvement,3.88,4,0,6,0,4817,2615,0.053114932248733246,0
4704af3e80,,Production       ,Production Technician I,53250,Fully Meets,4.2,4,0,13,0,4635,2622,0.05277138794543609,0
ac640cfbfc,14.0,Production       ,Production Technician II,58207,Fully Meets,3.7,3,0,14,0,5244,2625,0.05253449659650869,0
5f7412f3d0,7.0,IT/IS,IT Support,61242,Fully Meets,4.61,4,0,11,0,4089,2605,0.052506712668566234,0
6c6e1bd418,4.0,IT/IS,Database Administrator,97999,Fully Meets,4.48,5,0,4,0,4005,2630,0.052203400933099796,0
eb982c1d2f,22.0,Production       ,Production Technician I,61656,Fully Meets,5.0,4,0,11,0,4187,2590,0.05209906686054897,0
df128bb913,14.0,Production       ,Production Technician I,48285,Fully Meets,5.0,3,0,2,0,5006,2619,0.05209248375825978,0
5d19057fb3,12.0,Production       ,Production Technician I,56339,Fully Meets,4.21,5,0,4,0,4775,2619,0.05172106027112206,0
a7e6146787,10.0,Software Engineering,Software Engineer,86214,Fully Meets,4.2,3,0,2,0,4880,2589,0.05135000773397451,0
1dcd9294f4,6.0,IT/IS,IT Support,51777,Exceeds,4.64,4,0,14,0,5534,2608,0.051171434534612495,0
a1e69834d4,14.0,Production       ,Production Technician I,61242,Fully Meets,4.1,3,0,7,0,4880,2616,0.05099232011665278,0
7304ee7a2a,7.0,IT/IS,IT Support,70621,Fully Meets,4.11,4,0,16,0,4089,2577,0.05072833711298125,0
6caeaf865f,21.0,Sales,Area Sales Manager,61844,Fully Meets,4.2,5,0,9,0,5181,2601,0.05064950527731448,0
62a59eab71,5.0,IT/IS,IT Manager - Support,138888,Exceeds,4.3,5,0,4,0,4454,2629,0.05051463557997957,0
8f06c83b43,6.0,IT/IS,IT Support,65707,Fully Meets,4.7,4,0,1,0,5799,2601,0.05015772810653075,0
beedc4f5af,20.0,Production       ,Production Technician I,57575,Fully Meets,4.1,4,0,13,0,4635,2611,0.049852331242268226,0
4f7c145f22,17.0,Sales,Area Sales Manager,61809,Fully Meets,3.98,3,0,4,0,4327,2605,0.049667722904943784,0
02d167ace9,10.0,Software Engineering,Software Engineer,95660,Fully Meets,3.04,3,0,19,0,4145,2631,0.04908667840359075,0
e30d72c00b,17.0,Sales,Area Sales Manager,55875,Fully Meets,4.5,4,0,11,0,5125,2615,0.04762214943250953,0
cdc83b44bc,4.0,IT/IS,Data Analyst,89292,Fully Meets,5.0,3,0,11,0,4005,2601,0.04734804794728713,0
3f5dcb6242,10.0,Software Engineering,Software Engineer,93396,Fully Meets,4.96,4,0,3,0,4509,2603,0.0470150310868426,0
0b0a7ab838,18.0,Production       ,Production Technician I,60436,Fully Meets,5.0,5,0,9,0,4453,2612,0.04581487703010233,0
140b53646d,20.0,Production       ,Production Technician II,66149,Fully Meets,4.4,5,0,1,0,4551,2581,0.045669583522035664,0
cf06f44047,9.0,Executive Office,President & CEO,250000,Fully Meets,4.83,3,0,10,0,5006,2616,0.04524465327234382,0
a996c88a2d,7.0,IT/IS,IT Support,74679,Fully Meets,4.3,5,0,20,0,4005,2623,0.045158624089799086,0
dded0c92ff,12.0,Production       ,Production Technician II,74226,Fully Meets,4.3,3,0,14,0,5097,2619,0.04483553410162399,0
9346f5815d,12.0,Production       ,Production Technician I,52984,Exceeds,4.0,3,0,12,0,4733,2589,0.04311004814741043,0
03a3abf055,20.0,Production       ,Production Technician I,49256,Fully Meets,4.1,5,0,3,0,4593,2587,0.04269352977758232,0
74c1280d1d,19.0,Production       ,Production Technician II,60724,Exceeds,4.6,4,0,11,0,5369,2577,0.042408014012029996,0
da2f9005dd,11.0,Production       ,Production Technician I,52087,Fully Meets,4.81,4,0,15,0,4593,2587,0.04231098841347413,0
93363b03d7,22.0,Production       ,Production Technician I,50482,Fully Meets,3.07,4,0,10,0,4551,2610,0.04169550659327145,0
f677548fe2,2.0,Admin Offices,Shared Services Manager,93046,Fully Meets,4.1,4,0,20,0,3724,2605,0.04077521314853174,0
4667a65954,12.0,Production       ,Production Technician I,51908,Fully Meets,3.99,3,0,14,0,4593,2619,0.0407408425576191,0
0e9566210a,17.0,Sales,Area Sales Manager,70468,Fully Meets,4.53,3,0,16,0,5069,2604,0.04071642121445467,0
118f6894d0,20.0,Production       ,Production Technician II,56294,Fully Meets,3.96,4,0,6,0,5244,2575,0.040667148179003146,0
bb7722b46d,19.0,Production       ,Production Technician II,66541,Fully Meets,3.11,5,0,4,0,4229,2590,0.04039020063726881,0
5de4cabc26,12.0,Production       ,Production Technician I,61349,Fully Meets,4.1,3,0,11,0,4509,2611,0.039854954286577364,0
be76d57747,10.0,Software Engineering,Software Engineer,92989,Exceeds,4.5,5,0,1,0,4271,2584,0.03910484051574408,0
27c5df19f6,7.0,IT/IS,Network Engineer,50750,Fully Meets,3.31,3,0,7,0,4186,2626,0.03883689451701441,0
45b52595ed,2.0,Production       ,Production Manager,65714,Fully Meets,4.83,5,0,15,0,4914,2588,0.03837831318153903,0
cb88597a5e,22.0,Production       ,Production Technician II,74417,Fully Meets,4.29,5,0,11,0,4691,2605,0.037815412453236975,0
9aa47652da,2.0,Production       ,Production Manager,75188,Fully Meets,4.52,4,0,4,0,4198,2618,0.03712764264089175,0
a5e2dccc5e,14.0,Production       ,Production Technician I,52249,Fully Meets,4.5,3,0,5,0,4005,2584,0.03698266298450641,0
f629b6e84d,6.0,IT/IS,IT Support,68678,Fully Meets,4.7,3,0,2,0,4941,2575,0.0368610663941371,0
45d944d06f,14.0,Production       ,Production Technician I,60627,Fully Meets,5.0,4,0,8,0,4453,2602,0.03683881128794047,0
868041e860,19.0,Production       ,Production Technician I,48495,Fully Meets,5.0,5,0,11,0,4327,2584,0.03672848835882939,0
a6612074a1,19.0,Production       ,Production Technician I,53018,Fully Meets,4.3,5,0,7,0,4509,2584,0.03640696149596887,0
4760b386b0,16.0,Production       ,Production Technician I,57583,Fully Meets,5.0,3,0,1,0,5006,2577,0.03631221402915968,0
35375f4f14,19.0,Production       ,Production Technician I,64919,Fully Meets,4.2,3,0,2,0,4593,2623,0.03626996747405434,0
b9313d74c9,19.0,Production       ,Production Technician I,45395,Fully Meets,4.6,4,0,14,0,4453,2576,0.03594307841186658,0
c5111f763a,18.0,Production       ,Production Technician I,61355,Fully Meets,4.7,3,0,4,0,4411,2622,0.035855740322622315,0
2b36f37aee,,Production       ,Production Technician II,65288,Fully Meets,3.19,3,0,9,0,4187,2601,0.03570705565981056,0
73d5057dbf,21.0,Sales,Area Sales Manager,65310,Fully Meets,4.3,5,0,13,0,4593,2611,0.03514411872765925,0
3ce690fd76,18.0,Production       ,Production Technician I,52846,Fully Meets,4.43,3,0,14,0,4369,2601,0.03487937577010997,0
85b218348a,22.0,Production       ,Production Technician II,56847,PIP,3.0,1,2,5,0,4271,2577,0.0343979934771053,0
6db404e5a7,14.0,Production       ,Production Technician I,45046,Fully Meets,4.5,5,0,2,0,4187,2603,0.03409881913641211,0
30bb9d4278,18.0,Production       ,Production Technician I,47414,Exceeds,5.0,3,0,13,0,4551,2595,0.03407522064245753,0
af285d72b6,4.0,IT/IS,Database Administrator,105700,Fully Meets,3.75,3,0,2,0,4089,2591,0.034054939699663236,0
9957dff468,19.0,Production       ,Production Technician I,46654,Fully Meets,3.1,3,0,3,0,4411,2596,0.03252398105860238,0
64cfbe682f,18.0,Production       ,Production Technician I,48888,Fully Meets,4.7,5,0,8,0,4145,2589,0.03243722823744023,0
c1296d6348,22.0,Production       ,Production Technician I,51337,Fully Meets,3.73,3,0,19,0,4005,2617,0.031811064619811216,0
1f8e2fc7e6,18.0,Production       ,Production Technician II,64246,Fully Meets,5.0,3,0,20,0,4509,2625,0.03178897913540417,0
a192bcb1a2,16.0,Production       ,Production Technician I,54237,Fully Meets,3.3,4,0,11,0,4327,2583,0.030676136862000453,0
cda5d89c29,7.0,IT/IS,IT Support,50178,Fully Meets,5.0,5,0,16,0,4089,2584,0.030573906306077984,0
6cdf1ad6d7,21.0,Sales,Area Sales Manager,63695,Fully Meets,5.0,5,0,2,0,4635,2608,0.030162208903842965,0
735f68ec19,,Production       ,Production Technician II,65902,Fully Meets,4.0,4,0,7,0,4411,2626,0.030039753670100377,0
0051f07c82,1.0,Admin Offices,Accountant I,64520,Fully Meets,5.0,4,0,3,0,4453,2616,0.029425086290692213,0
0122d28d5d,2.0,Production       ,Production Manager,83667,Fully Meets,4.37,3,0,2,0,4961,2619,0.029321863006067646,0
73790f63a5,7.0,IT/IS,Sr. Network Engineer,92329,Fully Meets,5.0,3,0,5,0,4145,2631,0.029182506852497674,0
875cb74ab4,5.0,IT/IS,BI Director,110929,Fully Meets,4.5,5,0,8,0,3479,2618,0.029173396275588792,0
c260dd4e0e,1.0,Admin Offices,Accountant I,63003,Fully Meets,3.9,5,0,9,0,4187,2615,0.029173369200326853,0
7c67d295b0,4.0,IT/IS,Sr. DBA,100031,Fully Meets,5.0,5,0,7,0,3547,2584,0.028679408431361453,0
8f33313daf,17.0,Sales,Area Sales Manager,68829,Fully Meets,5.0,5,0,18,0,4089,2619,0.028018623806821855,0
e51e724961,2.0,Production       ,Production Manager,62957,Fully Meets,4.63,3,0,2,0,3941,2629,0.02795493247802712,0
693a6223ed,13.0,IT/IS,Senior BI Developer,81584,Fully Meets,4.1,5,0,2,0,3453,2625,0.027496348160324674,0
dd1cf58e1e,13.0,IT/IS,BI Developer,96820,Fully Meets,3.01,5,0,15,0,3317,2610,0.027454999353649593,0
c86ed0f54b,13.0,IT/IS,Senior BI Developer,84903,Fully Meets,3.42,4,0,17,0,3317,2629,0.027428497713610934,0
f5f9c2a5cb,4.0,IT/IS,Data Analyst,83552,Fully Meets,3.04,3,0,2,0,4005,2611,0.027179922793786296,0
0855ee8b4d,7.0,IT/IS,Sr. Network Engineer,87565,Fully Meets,3.27,4,0,13,0,3547,2619,0.02706209634654849,0
f1123d9256,18.0,Production       ,Production Technician I,63381,Fully Meets,4.73,5,0,6,0,4089,2588,0.026820601536607206,0
78fd5b25a3,19.0,Production       ,Production Technician I,51259,Fully Meets,4.3,4,0,1,0,4327,2583,0.026548975320316005,0
ccd2a6496d,7.0,IT/IS,Sr. Network Engineer,85028,Fully Meets,3.1,5,0,19,0,4145,2590,0.02650152267966098,0
04c19b27bf,12.0,Production       ,Production Technician I,50373,Exceeds,4.1,4,0,5,0,3541,2574,0.026086462634443718,0
64866e88d6,16.0,Production       ,Production Technician II,71776,Fully Meets,4.4,5,0,17,0,4271,2580,0.025905633463648832,0
b6bf6e25c4,16.0,Production       ,Production Technician II,73330,Exceeds,4.2,4,0,19,0,4593,2590,0.025666203151136675,0
129d1ad36b,17.0,Sales,Area Sales Manager,70545,Fully Meets,3.6,5,0,9,0,4229,2603,0.025391280698165375,0
a954d66531,22.0,Production       ,Production Technician I,56149,Fully Meets,4.12,5,0,15,0,3541,2605,0.02531080602445235,0
f0d882629f,16.0,Production       ,Production Technician I,56147,Fully Meets,3.51,3,0,2,0,4187,2584,0.025223626151528896,0
7937a65bb2,16.0,Production       ,Production Technician I,52057,Fully Meets,5.0,3,0,6,0,4047,2610,0.02513855404442055,0
9a5de536dc,18.0,Production       ,Production Technician II,63450,Fully Meets,4.0,3,0,7,0,4635,2584,0.024878551169329653,0
473a66c9d7,22.0,Production       ,Production Technician I,62068,Fully Meets,3.21,3,0,7,0,3908,2604,0.024623785200318164,0
b4430825ef,21.0,Sales,Area Sales Manager,61555,Fully Meets,4.5,5,0,20,0,4047,2608,0.02459766396229381,0
4b0516a7a5,11.0,Production       ,Production Technician I,57815,Exceeds,3.9,4,0,3,0,4187,2595,0.024301767596294578,0
1bb5488a76,17.0,Sales,Area Sales Manager,71860,Fully Meets,5.0,5,0,7,0,4229,2612,0.02411892691058361,0
d57f0a546d,14.0,Production       ,Production Technician II,66825,Fully Meets,4.6,3,0,20,0,4327,2595,0.02391572952387489,0
2cd0979112,12.0,Production       ,Production Technician I,62910,Exceeds,5.0,3,0,19,0,4271,2575,0.023561746622649114,0
f8597d6f51,2.0,Sales,Director of Sales,180000,Fully Meets,4.5,4,0,19,0,4334,2612,0.023476130730915763,0
a4a1bdf4ac,20.0,Production       ,Production Technician II,72460,Exceeds,4.7,3,0,1,0,4691,2619,0.0232853833248234,0
d31154b99b,2.0,Production       ,Production Manager,77915,Exceeds,4.1,3,0,11,0,4551,2612,0.02318674178435051,0
289ee09518,21.0,Sales,Area Sales Manager,63051,Fully Meets,4.28,3,0,1,0,4551,2608,0.023006148119034422,0
9f85330de8,18.0,Production       ,Production Technician II,70131,Exceeds,4.4,3,0,16,0,3526,2619,0.02269413591379962,0
42a00dc751,19.0,Production       ,Production Technician II,55315,Fully Meets,5.0,5,0,16,0,4005,2595,0.022551059413094293,0
7bdb4b8855,16.0,Production       ,Production Technician II,66738,Fully Meets,4.53,5,0,5,0,4145,2617,0.022517773521398384,0
ecdb522fda,12.0,Production       ,Production Technician I,56991,Fully Meets,4.3,4,2,2,0,2808,2602,0.022167217488223426,0
d2f7feecde,14.0,Production       ,Production Technician II,60446,Fully Meets,3.4,4,0,14,0,4187,2581,0.021926266557296674,0
f6fa149e8f,21.0,Sales,Area Sales Manager,58370,Fully Meets,3.69,3,0,18,0,4187,2605,0.021782928265356362,0
4a8569a71c,13.0,IT/IS,BI Developer,90100,Fully Meets,3.4,3,0,14,0,3253,2631,0.021745978083217283,0
2751f41935,20.0,Production       ,Production Technician II,65893,Fully Meets,4.07,4,0,13,0,4271,2574,0.02162117645779801,0
eb2537fbfb,1.0,Admin Offices,Administrative Assistant,51920,Fully Meets,5.0,3,0,2,0,3973,2618,0.021579717838292087,0
8368c0df4a,13.0,IT/IS,BI Developer,95920,Fully Meets,4.4,4,0,10,0,3453,2596,0.021385679279356567,0
36c34f538e,3.0,Admin Offices,Sr. Accountant,106367,Fully Meets,5.0,4,0,4,0,4047,2584,0.02112078511691219,0
7c7cfc0236,13.0,IT/IS,BI Developer,99020,Fully Meets,4.2,5,0,8,0,3253,2605,0.02047647333198189,0
3109b63958,12.0,Production       ,Production Technician II,63322,Exceeds,4.3,3,0,1,0,4271,2622,0.02002706201130228,0
93a568e902,13.0,IT/IS,Data Architect,150290,Fully Meets,4.94,3,0,17,0,3356,2596,0.018502528864600052,0
a837167095,16.0,Production       ,Production Technician II,69340,Fully Meets,3.0,5,0,4,0,3571,2615,0.01731927381430251,0
11d4dcfe53,15.0,Sales,Sales Manager,65729,Fully Meets,4.62,4,0,8,0,4334,2609,0.016785072296358314,0
ff6c4ffb0a,13.0,IT/IS,Senior BI Developer,87921,Fully Meets,5.0,3,0,17,0,3322,2577,0.016451393642325438,0
9b30f6da97,4.0,IT/IS,Data Analyst,92328,Exceeds,4.28,4,0,9,0,4145,2577,0.015842465112547947,0
eeb728dab5,16.0,Production       ,Production Technician II,60656,Exceeds,4.3,3,0,4,0,4187,2605,0.015671496885824532,0
1ce8b219a4,21.0,Sales,Area Sales Manager,63291,Fully Meets,3.4,4,0,7,0,3541,2604,0.013637572356092795,0
72be0609df,,Production       ,Production Technician II,64995,Fully Meets,4.5,3,0,6,0,3938,2588,0.013197192492183072,0
7f3a916404,,Production       ,Production Technician II,62385,Fully Meets,5.0,3,0,4,0,3597,2612,0.01280102094136897,0
b0b80693dc,2.0,Production       ,Production Manager,72640,Exceeds,5.0,3,0,14,0,3701,2580,0.009610251488080883,0
