EmpID,MarriedID,MaritalStatusID,GenderID,EmpStatusID,DeptID,PerfScoreID,FromDiversityJobFairID,Salary,Termd,PositionID,Position,State,Sex,MaritalDesc,CitizenDesc,HispanicLatino,RaceDesc,DateofHire,DateofTermination,TermReason,EmploymentStatus,Department,ManagerName,ManagerID,RecruitmentSource,PerformanceScore,EngagementSurvey,EmpSatisfaction,SpecialProjectsCount,LastPerformanceReview_Date,DaysLateLast30,Absences
a78a744343,0,0,1,1,5,4,0,62506,0,19,Production Technician I,MA,M ,Single,US Citizen,No,White,7/5/2011,,N/A-StillEmployed,Active,Production       ,Michael Albert,22.0,LinkedIn,Exceeds,4.6,5,0,1/17/2019,0,1
11e01f18a2,1,1,1,5,3,3,0,104437,1,27,Sr. DBA,MA,M ,Married,US Citizen,No,White,3/30/2015,6/16/2016,career change,Voluntarily Terminated,IT/IS,Simon Roup,4.0,Indeed,Fully Meets,4.96,3,6,2/24/2016,0,17
e889aed43a,1,1,0,5,5,3,0,64955,1,20,Production Technician II,MA,F,Married,US Citizen,No,White,7/5/2011,9/24/2012,hours,Voluntarily Terminated,Production       ,Kissy Sullivan,20.0,LinkedIn,Fully Meets,3.02,3,0,5/15/2012,0,3
2158e1eb1c,1,1,0,1,5,3,0,64991,0,19,Production Technician I,MA,F,Married,US Citizen,No,White,1/7/2008,,N/A-StillEmployed,Active,Production       ,Elijiah Gray,16.0,Indeed,Fully Meets,4.84,5,0,1/3/2019,0,15
b980e5d270,0,2,0,5,5,3,0,50825,1,19,Production Technician I,MA,F,Divorced,US Citizen,No,White,7/11/2011,9/6/2016,return to school,Voluntarily Terminated,Production       ,Webster Butler,39.0,Google Search,Fully Meets,5.0,4,0,2/1/2016,0,2
b5f63f1cac,0,0,0,1,5,4,0,57568,0,19,Production Technician I,MA,F,Single,US Citizen,No,White,1/9/2012,,N/A-StillEmployed,Active,Production       ,Amy Dunn,11.0,LinkedIn,Exceeds,5.0,5,0,1/7/2019,0,15
02d167ace9,0,0,0,1,4,3,0,95660,0,24,Software Engineer,MA,F,Single,US Citizen,No,White,11/10/2014,,N/A-StillEmployed,Active,Software Engineering,Alex Sweetwater,10.0,LinkedIn,Fully Meets,3.04,3,4,1/2/2019,0,19
5d620fc277,0,4,1,1,5,3,0,59365,0,19,Production Technician I,MA,M ,Widowed,US Citizen,No,White,9/30/2013,,N/A-StillEmployed,Active,Production       ,Ketsia Liebig,19.0,Employee Referral,Fully Meets,5.0,4,0,2/25/2019,0,19
08908fb4b8,0,0,0,3,5,3,1,47837,0,19,Production Technician I,MA,F,Single,US Citizen,No,Black or African American,7/6/2009,,N/A-StillEmployed,Active,Production       ,Brannon Miller,12.0,Diversity Job Fair,Fully Meets,4.46,3,0,1/25/2019,0,4
cda5d89c29,0,2,1,1,3,3,0,50178,0,14,IT Support,MA,M ,Divorced,US Citizen,No,White,1/5/2015,,N/A-StillEmployed,Active,IT/IS,Peter Monroe,7.0,Indeed,Fully Meets,5.0,5,6,2/18/2019,0,16
08d0b88189,1,1,0,5,5,3,1,54670,1,19,Production Technician I,MA,F,Married,US Citizen,Yes,Black or African American,1/10/2011,1/12/2017,Another position,Voluntarily Terminated,Production       ,David Stanley,14.0,Diversity Job Fair,Fully Meets,4.2,4,0,1/30/2016,0,12
7fd8ca3d85,1,1,1,5,5,3,1,47211,1,19,Production Technician I,MA,M ,Married,US Citizen,Yes,Black or African American,4/2/2012,9/19/2016,unhappy,Voluntarily Terminated,Production       ,Kissy Sullivan,20.0,Diversity Job Fair,Fully Meets,4.2,3,0,5/6/2016,0,15
9b30f6da97,0,2,1,1,3,4,1,92328,0,9,Data Analyst,TX,M ,Divorced,US Citizen,No,Black or African American,11/10/2014,,N/A-StillEmployed,Active,IT/IS,Simon Roup,4.0,Diversity Job Fair,Exceeds,4.28,4,5,2/25/2019,0,9
920667df7b,0,0,1,1,5,3,0,58709,0,19,Production Technician I,MA,M ,Single,US Citizen,No,Two or more races,2/20/2012,,N/A-StillEmployed,Active,Production       ,Kelley Spirea,18.0,Google Search,Fully Meets,4.6,4,0,2/14/2019,0,7
95b3700a21,0,2,1,5,5,3,0,52505,1,19,Production Technician I,MA,M ,Divorced,US Citizen,No,White,9/24/2012,4/6/2017,Another position,Voluntarily Terminated,Production       ,Michael Albert,22.0,On-line Web application,Fully Meets,5.0,5,0,3/2/2017,0,1
90b1cfb300,0,0,1,4,5,3,0,57834,1,19,Production Technician I,MA,M ,Single,US Citizen,No,White,2/21/2011,8/4/2017,attendance,Terminated for Cause,Production       ,Kelley Spirea,18.0,Google Search,Fully Meets,5.0,4,0,4/5/2017,0,20
9f85330de8,1,1,0,2,5,4,0,70131,0,20,Production Technician II,MA,F,Married,US Citizen,No,White,7/21/2016,,N/A-StillEmployed,Active,Production       ,Kelley Spirea,18.0,Employee Referral,Exceeds,4.4,3,0,1/14/2019,0,16
c0c5d0a95a,0,0,0,1,5,3,0,59026,0,19,Production Technician I,MA,F,Single,Eligible NonCitizen,No,White,4/4/2011,,N/A-StillEmployed,Active,Production       ,Elijiah Gray,16.0,Google Search,Fully Meets,5.0,5,0,1/14/2019,0,12
cd96172829,0,0,0,4,3,3,0,110000,1,8,Database Administrator,MA,F,Single,US Citizen,Yes,White,7/7/2014,9/12/2015,performance,Terminated for Cause,IT/IS,Simon Roup,4.0,Google Search,Fully Meets,4.5,4,5,1/15/2015,0,8
4704af3e80,0,0,1,3,5,3,0,53250,0,19,Production Technician I,MA,M ,Single,US Citizen,No,Asian,7/8/2013,,N/A-StillEmployed,Active,Production       ,Webster Butler,,LinkedIn,Fully Meets,4.2,4,0,1/11/2019,0,13
54aa6a4c5e,0,0,1,1,5,3,0,51044,0,19,Production Technician I,MA,M ,Single,US Citizen,Yes,White,4/2/2012,,N/A-StillEmployed,Active,Production       ,Amy Dunn,11.0,Google Search,Fully Meets,5.0,3,0,1/14/2019,0,13
35375f4f14,0,2,0,1,5,3,0,64919,0,19,Production Technician I,MA,F,Divorced,US Citizen,No,Asian,8/19/2013,,N/A-StillEmployed,Active,Production       ,Ketsia Liebig,19.0,Indeed,Fully Meets,4.2,3,0,1/10/2019,0,2
2cd0979112,1,1,0,1,5,4,0,62910,0,19,Production Technician I,MA,F,Married,US Citizen,No,White,7/7/2014,,N/A-StillEmployed,Active,Production       ,Brannon Miller,12.0,Indeed,Exceeds,5.0,3,0,2/27/2019,0,19
5246504026,0,0,0,1,5,2,0,66441,0,20,Production Technician II,MA,F,Single,US Citizen,No,White,4/4/2011,,N/A-StillEmployed,Active,Production       ,Michael Albert,22.0,CareerBuilder,Needs Improvement,2.0,3,0,2/27/2019,2,3
7ec359bc94,0,0,0,5,5,3,0,57815,1,20,Production Technician II,MA,F,Single,US Citizen,No,White,1/10/2011,4/4/2014,career change,Voluntarily Terminated,Production       ,Elijiah Gray,16.0,Google Search,Fully Meets,4.8,5,0,3/4/2014,0,5
da7cdcd323,0,0,1,4,3,3,0,103613,1,30,Enterprise Architect,CT,M ,Single,US Citizen,No,Black or African American,2/17/2014,2/19/2016,Learned that he is a gangster,Terminated for Cause,IT/IS,Simon Roup,4.0,LinkedIn,Fully Meets,3.5,5,7,1/10/2016,0,2
36c34f538e,1,1,0,1,1,3,1,106367,0,26,Sr. Accountant,MA,F,Married,US Citizen,No,Black or African American,2/16/2015,,N/A-StillEmployed,Active,Admin Offices,Brandon R. LeBlanc,3.0,Diversity Job Fair,Fully Meets,5.0,4,3,2/18/2019,0,4
3285f61a58,0,0,1,5,5,3,0,74312,1,18,Production Manager,MA,M ,Single,US Citizen,No,Asian,9/30/2013,8/7/2014,retiring,Voluntarily Terminated,Production       ,Janet King,2.0,Indeed,Fully Meets,3.39,3,0,2/20/2014,0,14
93d048cc7c,1,1,0,5,5,3,0,53492,1,19,Production Technician I,MA,F,Married,US Citizen,No,White,4/2/2012,6/15/2013,Another position,Voluntarily Terminated,Production       ,David Stanley,14.0,Google Search,Fully Meets,3.35,4,0,3/4/2013,0,6
4664e60044,1,1,0,1,1,3,1,63000,0,1,Accountant I,MA,F,Married,US Citizen,No,Black or African American,10/27/2008,,N/A-StillEmployed,Active,Admin Offices,Brandon R. LeBlanc,1.0,Diversity Job Fair,Fully Meets,4.5,2,6,1/15/2019,0,14
2b36f37aee,0,0,1,1,5,3,0,65288,0,20,Production Technician II,MA,M ,Single,US Citizen,No,White,9/29/2014,,N/A-StillEmployed,Active,Production       ,Webster Butler,,Google Search,Fully Meets,3.19,3,0,2/1/2019,0,9
92ae801538,0,3,0,3,5,3,1,64375,0,19,Production Technician I,MA,F,Separated,US Citizen,No,Black or African American,11/11/2013,,N/A-StillEmployed,Active,Production       ,Kissy Sullivan,20.0,Diversity Job Fair,Fully Meets,3.5,5,0,1/21/2019,0,17
9e64d90c05,1,1,0,5,6,3,0,74326,1,3,Area Sales Manager,VA,F,Married,Eligible NonCitizen,No,Black or African American,8/15/2011,8/2/2014,Another position,Voluntarily Terminated,Sales,John Smith,17.0,Google Search,Fully Meets,3.14,5,0,2/10/2013,1,19
f9cd985942,0,0,0,1,5,3,0,63763,0,20,Production Technician II,MA,F,Single,US Citizen,No,Black or African American,3/5/2012,,N/A-StillEmployed,Active,Production       ,Amy Dunn,11.0,Employee Referral,Fully Meets,4.51,4,0,2/21/2019,0,3
e5c1b42898,1,1,1,1,5,3,0,62162,0,20,Production Technician II,MA,M ,Married,US Citizen,No,White,4/4/2011,,N/A-StillEmployed,Active,Production       ,Ketsia Liebig,19.0,Indeed,Fully Meets,3.25,5,0,1/14/2019,0,15
8dbe039532,0,0,1,1,4,3,0,77692,0,25,Software Engineering Manager,MA,M ,Single,US Citizen,No,White,8/15/2011,,N/A-StillEmployed,Active,Software Engineering,Jennifer Zamora,5.0,Google Search,Fully Meets,3.84,3,5,1/21/2019,0,4
b0b80693dc,0,0,1,1,5,4,0,72640,0,18,Production Manager,MA,M ,Single,US Citizen,No,White,1/28/2016,,N/A-StillEmployed,Active,Production       ,Janet King,2.0,Indeed,Exceeds,5.0,3,0,2/22/2019,0,14
3f5dcb6242,0,0,0,1,4,3,0,93396,0,24,Software Engineer,MA,F,Single,US Citizen,No,White,11/11/2013,,N/A-StillEmployed,Active,Software Engineering,Alex Sweetwater,10.0,Indeed,Fully Meets,4.96,4,6,1/30/2019,0,3
3ce690fd76,0,0,1,1,5,3,0,52846,0,19,Production Technician I,MA,M ,Single,US Citizen,No,Black or African American,3/31/2014,,N/A-StillEmployed,Active,Production       ,Kelley Spirea,18.0,LinkedIn,Fully Meets,4.43,3,0,2/1/2019,0,14
7c67d295b0,0,0,0,2,3,3,0,100031,0,27,Sr. DBA,MA,F,Single,US Citizen,No,Black or African American,6/30/2016,,N/A-StillEmployed,Active,IT/IS,Simon Roup,4.0,LinkedIn,Fully Meets,5.0,5,6,2/18/2019,0,7
1bb5488a76,0,0,0,1,6,3,0,71860,0,3,Area Sales Manager,VT,F,Single,US Citizen,No,White,8/18/2014,,N/A-StillEmployed,Active,Sales,John Smith,17.0,Indeed,Fully Meets,5.0,5,0,1/21/2019,0,7
eb982c1d2f,0,0,0,1,5,3,0,61656,0,19,Production Technician I,MA,F,Single,US Citizen,No,White,9/29/2014,,N/A-StillEmployed,Active,Production       ,Michael Albert,22.0,Google Search,Fully Meets,5.0,4,0,2/12/2019,0,11
875cb74ab4,1,1,1,1,3,3,0,110929,0,5,BI Director,MA,M ,Married,US Citizen,No,White,9/6/2016,,N/A-StillEmployed,Active,IT/IS,Jennifer Zamora,5.0,Indeed,Fully Meets,4.5,5,7,1/15/2019,0,8
a192bcb1a2,0,0,0,1,5,3,0,54237,0,19,Production Technician I,MA,F,Single,US Citizen,No,White,5/12/2014,,N/A-StillEmployed,Active,Production       ,Elijiah Gray,16.0,Indeed,Fully Meets,3.3,4,0,2/19/2019,0,11
1c4f6bcdff,0,0,1,1,5,3,0,60380,0,19,Production Technician I,MA,M ,Single,US Citizen,No,White,7/8/2013,,N/A-StillEmployed,Active,Production       ,Webster Butler,,LinkedIn,Fully Meets,3.8,5,0,1/14/2019,0,4
54dc9df8c8,0,0,1,1,6,3,0,66808,0,3,Area Sales Manager,TX,M ,Single,Eligible NonCitizen,No,Black or African American,5/14/2012,,N/A-StillEmployed,Active,Sales,Lynn Daneault,21.0,Employee Referral,Fully Meets,3.0,5,0,1/19/2019,0,17
d5e8fea28e,0,0,0,5,5,3,0,64786,1,19,Production Technician I,MA,F,Single,US Citizen,No,White,6/27/2011,11/15/2015,relocation out of area,Voluntarily Terminated,Production       ,Amy Dunn,11.0,Indeed,Fully Meets,4.3,4,0,3/10/2015,0,3
d5d6971a67,0,0,0,1,5,3,0,64816,0,19,Production Technician I,MA,F,Single,Non-Citizen,No,Black or African American,10/3/2011,,N/A-StillEmployed,Active,Production       ,Ketsia Liebig,19.0,Indeed,Fully Meets,3.58,5,0,1/30/2019,0,3
f629b6e84d,0,0,1,1,3,3,0,68678,0,14,IT Support,MA,M ,Single,US Citizen,No,White,9/5/2012,,N/A-StillEmployed,Active,IT/IS,Eric Dougall,6.0,Indeed,Fully Meets,4.7,3,6,2/27/2019,0,2
59f713f096,1,1,0,5,5,3,0,64066,1,20,Production Technician II,MA,F,Married,US Citizen,No,White,5/16/2011,1/7/2013,unhappy,Voluntarily Terminated,Production       ,Brannon Miller,12.0,Google Search,Fully Meets,4.2,5,0,5/3/2012,0,9
38cc9a6a47,1,1,1,5,5,3,0,59369,1,20,Production Technician II,MA,M ,Married,US Citizen,No,White,8/30/2010,9/26/2011,career change,Voluntarily Terminated,Production       ,David Stanley,14.0,Indeed,Fully Meets,4.2,4,0,5/4/2011,0,6
04c19b27bf,1,1,1,2,5,4,0,50373,0,19,Production Technician I,MA,M ,Married,US Citizen,No,White,7/6/2016,,N/A-StillEmployed,Active,Production       ,Brannon Miller,12.0,Employee Referral,Exceeds,4.1,4,0,2/28/2019,0,5
ffb7e1d997,0,0,1,1,5,3,0,63108,0,19,Production Technician I,MA,M ,Single,US Citizen,No,White,7/8/2013,,N/A-StillEmployed,Active,Production       ,David Stanley,14.0,Employee Referral,Fully Meets,4.4,5,0,1/14/2019,0,3
1db75dad1e,0,0,1,4,5,2,0,59144,1,19,Production Technician I,MA,M ,Single,US Citizen,No,Black or African American,7/11/2011,9/23/2016,performance,Terminated for Cause,Production       ,Kissy Sullivan,20.0,LinkedIn,Needs Improvement,2.0,3,0,5/1/2016,5,16
c02db012f5,0,2,1,1,5,2,0,68051,0,18,Production Manager,MA,M ,Divorced,US Citizen,No,White,7/20/2010,,N/A-StillEmployed,Active,Production       ,Janet King,2.0,CareerBuilder,Needs Improvement,4.13,2,0,1/14/2019,3,3
3069bc96ff,0,0,1,1,5,4,0,170500,0,10,Director of Operations,MA,M ,Single,US Citizen,No,Black or African American,1/5/2009,,N/A-StillEmployed,Active,Production       ,Janet King,2.0,Indeed,Exceeds,3.7,5,0,2/4/2019,0,15
f1123d9256,1,1,0,1,5,3,0,63381,0,19,Production Technician I,MA,F,Married,US Citizen,Yes,White,1/5/2015,,N/A-StillEmployed,Active,Production       ,Kelley Spirea,18.0,Indeed,Fully Meets,4.73,5,0,2/14/2019,0,6
f5f9c2a5cb,1,1,1,1,3,3,0,83552,0,9,Data Analyst,MA,M ,Married,US Citizen,No,White,3/30/2015,,N/A-StillEmployed,Active,IT/IS,Simon Roup,4.0,Indeed,Fully Meets,3.04,3,6,1/22/2019,0,2
a954d66531,0,0,0,2,5,3,0,56149,0,19,Production Technician I,MA,F,Single,US Citizen,No,White,7/6/2016,,N/A-StillEmployed,Active,Production       ,Michael Albert,22.0,LinkedIn,Fully Meets,4.12,5,0,1/28/2019,0,15
73790f63a5,0,0,1,1,3,3,0,92329,0,28,Sr. Network Engineer,CT,M ,Single,US Citizen,No,White,11/10/2014,,N/A-StillEmployed,Active,IT/IS,Peter Monroe,7.0,Employee Referral,Fully Meets,5.0,3,4,1/2/2019,0,5
11d4dcfe53,0,0,0,1,6,3,0,65729,0,21,Sales Manager,VT,F,Single,US Citizen,No,White,5/5/2014,,N/A-StillEmployed,Active,Sales,Debra Houlihan,15.0,Indeed,Fully Meets,4.62,4,0,1/24/2019,0,8
ccd2a6496d,1,1,0,3,3,3,0,85028,0,28,Sr. Network Engineer,CT,F,Married,US Citizen,No,White,11/10/2014,,N/A-StillEmployed,Active,IT/IS,Peter Monroe,7.0,LinkedIn,Fully Meets,3.1,5,8,2/12/2019,0,19
4760b386b0,1,1,0,1,5,3,0,57583,0,19,Production Technician I,MA,F,Married,US Citizen,No,White,7/2/2012,,N/A-StillEmployed,Active,Production       ,Elijiah Gray,16.0,Indeed,Fully Meets,5.0,3,0,2/25/2019,0,1
118f6894d0,0,0,1,1,5,3,0,56294,0,20,Production Technician II,MA,M ,Single,Eligible NonCitizen,No,Two or more races,11/7/2011,,N/A-StillEmployed,Active,Production       ,Kissy Sullivan,20.0,LinkedIn,Fully Meets,3.96,4,0,2/27/2019,0,6
ecdb522fda,1,1,1,1,6,1,0,56991,0,19,Production Technician I,MA,M ,Married,US Citizen,No,White,7/9/2018,,N/A-StillEmployed,Active,Production       ,Brannon Miller,12.0,Indeed,Fully Meets,4.3,4,3,1/31/2019,2,2
a93f8ae774,1,1,1,5,5,3,0,55722,1,19,Production Technician I,MA,M ,Married,US Citizen,No,White,5/16/2011,6/8/2016,unhappy,Voluntarily Terminated,Production       ,Webster Butler,39.0,Indeed,Fully Meets,5.0,4,0,4/2/2016,0,14
56fe0b571d,0,0,0,1,4,3,0,101199,0,24,Software Engineer,MA,F,Single,US Citizen,No,Black or African American,1/9/2012,,N/A-StillEmployed,Active,Software Engineering,Alex Sweetwater,10.0,CareerBuilder,Fully Meets,3.79,5,5,1/25/2019,0,8
962d274d01,0,0,1,1,6,1,0,61568,0,3,Area Sales Manager,AL,M ,Single,US Citizen,No,Two or more races,9/29/2014,,N/A-StillEmployed,Active,Sales,John Smith,17.0,Indeed,PIP,1.93,3,0,1/30/2019,6,5
879a2f50a0,0,3,0,5,5,3,0,58275,1,20,Production Technician II,MA,F,Separated,US Citizen,No,Black or African American,4/4/2011,11/4/2015,more money,Voluntarily Terminated,Production       ,Kelley Spirea,18.0,Google Search,Fully Meets,4.62,5,0,5/6/2015,0,1
b84c149568,1,1,1,1,5,1,0,53189,0,19,Production Technician I,MA,M ,Married,US Citizen,No,White,7/7/2014,,N/A-StillEmployed,Active,Production       ,Amy Dunn,11.0,Indeed,PIP,1.12,2,0,1/31/2019,4,9
dd1cf58e1e,0,0,1,1,3,3,0,96820,0,4,BI Developer,MA,M ,Single,US Citizen,No,White,2/15/2017,,N/A-StillEmployed,Active,IT/IS,Brian Champaigne,13.0,Indeed,Fully Meets,3.01,5,7,1/23/2019,0,15
78fd5b25a3,0,0,1,1,5,3,0,51259,0,19,Production Technician I,MA,M ,Single,US Citizen,No,White,5/12/2014,,N/A-StillEmployed,Active,Production       ,Ketsia Liebig,19.0,Indeed,Fully Meets,4.3,4,0,2/19/2019,0,1
1cc905df71,0,0,0,1,6,1,0,59231,0,3,Area Sales Manager,WA,F,Single,US Citizen,Yes,White,2/20/2012,,N/A-StillEmployed,Active,Sales,John Smith,17.0,Website,PIP,2.3,1,0,1/29/2019,2,17
2b7b022884,1,1,0,1,5,2,0,61584,0,19,Production Technician I,MA,F,Married,US Citizen,No,Black or African American,1/7/2013,,N/A-StillEmployed,Active,Production       ,Brannon Miller,12.0,Indeed,Needs Improvement,3.88,4,0,1/18/2019,0,6
1cdf04711d,0,0,0,1,5,3,0,46335,0,19,Production Technician I,MA,F,Single,US Citizen,Yes,White,4/2/2012,,N/A-StillEmployed,Active,Production       ,David Stanley,14.0,CareerBuilder,Fully Meets,3.4,5,0,2/19/2019,0,15
7304ee7a2a,1,1,0,1,3,3,0,70621,0,14,IT Support,MA,F,Married,US Citizen,No,White,1/5/2015,,N/A-StillEmployed,Active,IT/IS,Peter Monroe,7.0,Employee Referral,Fully Meets,4.11,4,6,2/25/2019,0,16
62a59eab71,0,0,1,1,3,4,0,138888,0,13,IT Manager - Support,MA,M ,Single,US Citizen,No,Black or African American,1/5/2014,,N/A-StillEmployed,Active,IT/IS,Jennifer Zamora,5.0,Indeed,Exceeds,4.3,5,5,1/4/2019,0,4
7611d35814,0,0,0,1,6,4,0,74241,0,3,Area Sales Manager,CA,F,Single,US Citizen,No,White,1/10/2011,,N/A-StillEmployed,Active,Sales,Lynn Daneault,21.0,Indeed,Exceeds,4.77,5,0,1/27/2019,0,14
9aa47652da,0,0,0,1,5,3,0,75188,0,18,Production Manager,MA,F,Single,US Citizen,No,White,9/18/2014,,N/A-StillEmployed,Active,Production       ,Janet King,2.0,Google Search,Fully Meets,4.52,4,0,1/15/2019,0,4
9827490b9a,1,1,0,1,5,3,0,62514,0,19,Production Technician I,MA,F,Married,US Citizen,No,White,4/26/2010,,N/A-StillEmployed,Active,Production       ,Ketsia Liebig,19.0,Google Search,Fully Meets,2.9,3,0,1/21/2019,0,6
8fb202f5ae,1,1,0,5,5,3,0,60070,1,19,Production Technician I,MA,F,Married,US Citizen,No,White,4/4/2011,6/6/2017,military,Voluntarily Terminated,Production       ,Kissy Sullivan,20.0,Google Search,Fully Meets,5.0,3,0,4/9/2017,0,7
64cfbe682f,0,0,1,1,5,3,0,48888,0,19,Production Technician I,MA,M ,Single,US Citizen,No,White,11/10/2014,,N/A-StillEmployed,Active,Production       ,Kelley Spirea,18.0,LinkedIn,Fully Meets,4.7,5,0,2/13/2019,0,8
1dd485b803,1,1,1,1,5,3,0,54285,0,19,Production Technician I,MA,M ,Married,US Citizen,No,White,3/31/2014,,N/A-StillEmployed,Active,Production       ,Kelley Spirea,18.0,Employee Referral,Fully Meets,4.2,3,0,1/11/2019,0,3
85b218348a,0,3,0,1,5,1,0,56847,0,20,Production Technician II,MA,F,Separated,US Citizen,No,White,7/7/2014,,N/A-StillEmployed,Active,Production       ,Michael Albert,22.0,Indeed,PIP,3.0,1,0,2/25/2019,2,5
2234c8d623,0,0,1,4,5,2,0,60340,1,19,Production Technician I,MA,M ,Single,US Citizen,No,White,4/2/2012,9/27/2018,attendance,Terminated for Cause,Production       ,Michael Albert,22.0,Google Search,Needs Improvement,5.0,4,0,4/12/2018,5,16
4e14e3ac39,0,0,0,4,5,2,0,59124,1,19,Production Technician I,MA,F,Single,US Citizen,No,White,2/17/2014,2/25/2018,"no-call, no-show",Terminated for Cause,Production       ,Elijiah Gray,16.0,Google Search,Needs Improvement,2.3,3,0,1/15/2017,5,19
090c67d97d,1,1,0,4,4,2,0,99280,1,24,Software Engineer,MA,F,Married,US Citizen,No,Black or African American,5/2/2011,6/5/2013,attendance,Terminated for Cause,Software Engineering,Alex Sweetwater,10.0,Indeed,Needs Improvement,2.1,5,4,8/10/2012,4,19
64866e88d6,1,1,0,1,5,3,0,71776,0,20,Production Technician II,MA,F,Married,US Citizen,No,Black or African American,7/7/2014,,N/A-StillEmployed,Active,Production       ,Elijiah Gray,16.0,LinkedIn,Fully Meets,4.4,5,0,2/22/2019,0,17
735f68ec19,0,0,0,1,5,3,0,65902,0,20,Production Technician II,MA,F,Single,US Citizen,No,Black or African American,2/17/2014,,N/A-StillEmployed,Active,Production       ,Webster Butler,,LinkedIn,Fully Meets,4.0,4,0,1/7/2019,0,7
61fc7ce6d4,1,1,0,5,5,3,0,57748,1,19,Production Technician I,MA,F,Married,US Citizen,No,White,11/7/2011,5/17/2016,military,Voluntarily Terminated,Production       ,Webster Butler,39.0,Google Search,Fully Meets,3.13,3,0,2/4/2016,0,16
27f2b87088,1,1,1,1,5,1,0,64057,0,19,Production Technician I,MA,M ,Married,US Citizen,No,White,5/11/2015,,N/A-StillEmployed,Active,Production       ,Amy Dunn,11.0,Indeed,PIP,1.56,5,0,1/3/2019,6,15
366cc90cbe,0,0,1,1,3,1,0,53366,0,15,Network Engineer,MA,M ,Single,US Citizen,No,White,3/30/2015,,N/A-StillEmployed,Active,IT/IS,Peter Monroe,7.0,LinkedIn,PIP,1.2,3,6,2/4/2019,3,2
0e584c65d9,1,1,0,1,5,3,0,58530,0,19,Production Technician I,MA,F,Married,US Citizen,No,White,1/9/2012,,N/A-StillEmployed,Active,Production       ,Brannon Miller,12.0,Google Search,Fully Meets,5.0,5,0,1/29/2019,0,19
d1bc61b8b2,0,0,1,5,5,3,0,72609,1,20,Production Technician II,MA,M ,Single,US Citizen,Yes,White,5/16/2011,6/24/2013,hours,Voluntarily Terminated,Production       ,Amy Dunn,11.0,Google Search,Fully Meets,4.76,5,0,4/5/2013,0,20
0f558a28d0,1,1,0,5,5,3,0,55965,1,20,Production Technician II,MA,F,Married,US Citizen,No,White,4/4/2011,1/9/2013,career change,Voluntarily Terminated,Production       ,Ketsia Liebig,19.0,Google Search,Fully Meets,3.66,3,0,1/7/2012,0,6
6d160aacb0,1,1,1,1,6,3,0,70187,1,3,Area Sales Manager,MA,M ,Married,US Citizen,No,White,9/29/2014,8/19/2018,Fatal attraction,Terminated for Cause,Sales,Lynn Daneault,21.0,Employee Referral,PIP,2.0,5,0,1/28/2019,4,7
08cc343438,0,0,1,1,3,4,0,178000,0,12,IT Director,MA,M ,Single,US Citizen,No,Black or African American,4/15/2011,,N/A-StillEmployed,Active,IT/IS,Jennifer Zamora,5.0,Indeed,Exceeds,5.0,5,5,1/7/2019,0,15
40a47ac1a2,1,1,0,1,1,3,0,99351,0,26,Sr. Accountant,MA,F,Married,US Citizen,no,White,1/5/2009,,N/A-StillEmployed,Active,Admin Offices,Board of Directors,9.0,Other,Fully Meets,5.0,3,2,2/8/2019,0,3
007213d77f,0,0,1,1,6,3,0,67251,0,3,Area Sales Manager,CT,M ,Single,US Citizen,No,Black or African American,9/6/2011,,N/A-StillEmployed,Active,Sales,Lynn Daneault,21.0,CareerBuilder,Fully Meets,4.3,3,0,1/27/2019,2,7
8f06c83b43,0,0,0,1,3,3,0,65707,0,14,IT Support,CT,F,Single,US Citizen,No,White,5/1/2010,,N/A-StillEmployed,Active,IT/IS,Eric Dougall,6.0,LinkedIn,Fully Meets,4.7,4,5,2/1/2019,0,1
a5e2dccc5e,0,0,1,1,5,3,0,52249,0,19,Production Technician I,MA,M ,Single,US Citizen,Yes,White,3/30/2015,,N/A-StillEmployed,Active,Production       ,David Stanley,14.0,Employee Referral,Fully Meets,4.5,3,0,2/18/2019,0,5
e6ccde2b5f,0,0,0,1,5,3,0,53171,0,19,Production Technician I,MA,F,Single,US Citizen,Yes,Black or African American,5/16/2011,,N/A-StillEmployed,Active,Production       ,Kelley Spirea,18.0,LinkedIn,Fully Meets,4.2,4,0,2/26/2019,0,12
c1296d6348,1,1,0,1,5,3,0,51337,0,19,Production Technician I,MA,F,Married,US Citizen,No,Black or African American,3/30/2015,,N/A-StillEmployed,Active,Production       ,Michael Albert,22.0,LinkedIn,Fully Meets,3.73,3,0,1/16/2019,0,19
3f8f8fadbc,0,2,0,5,5,3,1,51505,1,19,Production Technician I,MA,F,Divorced,US Citizen,No,Black or African American,11/7/2011,11/15/2016,hours,Voluntarily Terminated,Production       ,Elijiah Gray,16.0,Diversity Job Fair,Fully Meets,4.24,4,0,4/29/2016,0,2
e795cdc6c1,0,4,0,4,6,3,0,59370,1,3,Area Sales Manager,OH,F,Widowed,US Citizen,No,Black or African American,7/7/2014,9/5/2015,attendance,Terminated for Cause,Sales,John Smith,17.0,CareerBuilder,Fully Meets,3.97,4,0,1/15/2014,0,7
faae90c11b,1,1,1,5,5,2,1,54933,1,19,Production Technician I,MA,M ,Married,US Citizen,No,Black or African American,4/2/2012,6/25/2015,military,Voluntarily Terminated,Production       ,Webster Butler,39.0,Diversity Job Fair,Needs Improvement,3.97,4,0,1/20/2015,3,15
4b0516a7a5,0,0,0,1,5,4,0,57815,0,19,Production Technician I,MA,F,Single,US Citizen,Yes,Two or more races,9/29/2014,,N/A-StillEmployed,Active,Production       ,Amy Dunn,11.0,Indeed,Exceeds,3.9,4,0,2/7/2019,0,3
b4430825ef,0,0,0,1,6,3,0,61555,0,3,Area Sales Manager,IN,F,Single,US Citizen,No,White,2/16/2015,,N/A-StillEmployed,Active,Sales,Lynn Daneault,21.0,Indeed,Fully Meets,4.5,5,0,1/25/2019,0,20
6ce518d6fc,0,0,0,4,3,3,0,114800,1,8,Database Administrator,MA,F,Single,US Citizen,No,White,2/16/2015,3/15/2015,"no-call, no-show",Terminated for Cause,IT/IS,Simon Roup,4.0,Indeed,Fully Meets,4.6,4,4,1/20/2015,0,10
a996c88a2d,1,1,1,1,3,3,0,74679,0,14,IT Support,MA,M ,Married,US Citizen,Yes,White,3/30/2015,,N/A-StillEmployed,Active,IT/IS,Peter Monroe,7.0,LinkedIn,Fully Meets,4.3,5,7,1/10/2019,0,20
a6612074a1,0,0,0,1,5,3,0,53018,0,19,Production Technician I,MA,F,Single,US Citizen,Yes,White,11/11/2013,,N/A-StillEmployed,Active,Production       ,Ketsia Liebig,19.0,Indeed,Fully Meets,4.3,5,0,2/18/2019,0,7
5a165e6411,0,2,1,1,5,4,1,59892,0,19,Production Technician I,MA,M ,Divorced,US Citizen,No,Black or African American,7/11/2011,,N/A-StillEmployed,Active,Production       ,Brannon Miller,12.0,Diversity Job Fair,Exceeds,4.5,4,0,2/18/2019,0,1
9326314e91,1,1,1,5,5,1,1,68898,1,20,Production Technician II,MA,M ,Married,US Citizen,No,Black or African American,4/26/2010,5/30/2011,career change,Voluntarily Terminated,Production       ,Brannon Miller,12.0,Diversity Job Fair,PIP,3.0,3,0,3/6/2011,3,10
5f7412f3d0,0,3,0,1,3,3,0,61242,0,14,IT Support,MA,F,Separated,US Citizen,Yes,White,1/5/2015,,N/A-StillEmployed,Active,IT/IS,Peter Monroe,7.0,Employee Referral,Fully Meets,4.61,4,5,1/28/2019,0,11
d57f0a546d,1,1,0,3,5,3,0,66825,0,20,Production Technician II,MA,F,Married,US Citizen,No,White,5/12/2014,,N/A-StillEmployed,Active,Production       ,David Stanley,14.0,LinkedIn,Fully Meets,4.6,3,0,2/7/2019,0,20
df128bb913,1,1,1,1,5,3,0,48285,0,19,Production Technician I,MA,M ,Married,US Citizen,No,White,7/2/2012,,N/A-StillEmployed,Active,Production       ,David Stanley,14.0,LinkedIn,Fully Meets,5.0,3,0,1/14/2019,0,2
140b53646d,0,3,0,3,5,3,0,66149,0,20,Production Technician II,MA,F,Separated,US Citizen,No,American Indian or Alaska Native,9/30/2013,,N/A-StillEmployed,Active,Production       ,Kissy Sullivan,20.0,Google Search,Fully Meets,4.4,5,0,2/21/2019,0,1
03a3abf055,1,1,0,3,5,3,0,49256,0,19,Production Technician I,MA,F,Married,US Citizen,No,Asian,8/19/2013,,N/A-StillEmployed,Active,Production       ,Kissy Sullivan,20.0,LinkedIn,Fully Meets,4.1,5,0,2/15/2019,0,3
e51e724961,0,2,1,1,5,3,0,62957,0,18,Production Manager,MA,M ,Divorced,US Citizen,No,White,6/2/2015,,N/A-StillEmployed,Active,Production       ,Janet King,2.0,Employee Referral,Fully Meets,4.63,3,0,1/4/2019,0,2
f2acc9852c,0,2,0,5,5,3,0,63813,1,19,Production Technician I,MA,F,Divorced,US Citizen,No,White,2/21/2011,1/11/2014,more money,Voluntarily Terminated,Production       ,Kelley Spirea,18.0,CareerBuilder,Fully Meets,5.0,5,0,6/3/2013,0,17
7c7cfc0236,1,1,1,1,3,3,0,99020,0,4,BI Developer,MA,M ,Married,US Citizen,No,Black or African American,4/20/2017,,N/A-StillEmployed,Active,IT/IS,Brian Champaigne,13.0,Indeed,Fully Meets,4.2,5,5,1/28/2019,0,8
9289424b51,0,0,1,5,6,3,0,71707,1,3,Area Sales Manager,TN,M ,Single,US Citizen,No,Two or more races,3/7/2012,10/31/2014,relocation out of area,Voluntarily Terminated,Sales,John Smith,17.0,LinkedIn,Fully Meets,4.5,5,0,2/1/2013,0,20
a62ea4a308,1,1,0,1,5,3,0,54828,0,19,Production Technician I,MA,F,Married,US Citizen,No,White,11/28/2011,,N/A-StillEmployed,Active,Production       ,Michael Albert,22.0,Google Search,Fully Meets,4.2,4,0,2/22/2019,0,13
1f8e2fc7e6,0,0,1,1,5,3,0,64246,0,20,Production Technician II,MA,M ,Single,US Citizen,Yes,White,11/11/2013,,N/A-StillEmployed,Active,Production       ,Kelley Spirea,18.0,LinkedIn,Fully Meets,5.0,3,0,1/8/2019,0,20
132a1ab6c5,0,0,0,5,5,3,0,52177,1,19,Production Technician I,MA,F,Single,US Citizen,No,White,1/9/2012,12/15/2015,retiring,Voluntarily Terminated,Production       ,Webster Butler,39.0,CareerBuilder,Fully Meets,4.64,4,0,5/2/2015,0,8
118b25bf1c,1,1,0,1,5,4,0,62065,0,19,Production Technician I,MA,F,Married,US Citizen,No,White,5/12/2014,,N/A-StillEmployed,Active,Production       ,Amy Dunn,11.0,CareerBuilder,Exceeds,4.76,4,0,2/15/2019,0,5
ecbc69cf19,0,0,1,1,5,3,0,46998,0,19,Production Technician I,MA,M ,Single,US Citizen,No,White,8/13/2012,,N/A-StillEmployed,Active,Production       ,Ketsia Liebig,19.0,Google Search,Fully Meets,4.17,4,0,2/11/2019,0,1
905753de6b,0,0,0,5,5,3,0,68099,1,20,Production Technician II,MA,F,Single,US Citizen,No,White,1/10/2011,6/18/2013,hours,Voluntarily Terminated,Production       ,Kelley Spirea,18.0,CareerBuilder,Fully Meets,5.0,3,0,1/30/2013,0,15
129d1ad36b,1,1,1,1,6,3,0,70545,0,3,Area Sales Manager,NH,M ,Married,US Citizen,No,American Indian or Alaska Native,8/18/2014,,N/A-StillEmployed,Active,Sales,John Smith,17.0,Indeed,Fully Meets,3.6,5,0,1/30/2019,0,9
5983b3dde8,1,1,0,5,5,3,0,63478,1,20,Production Technician II,MA,F,Married,Non-Citizen,No,White,8/15/2011,4/7/2012,relocation out of area,Voluntarily Terminated,Production       ,Michael Albert,30.0,Indeed,Fully Meets,3.03,5,0,3/5/2012,0,16
6c6e1bd418,0,0,0,1,3,3,0,97999,0,8,Database Administrator,MA,F,Single,US Citizen,No,White,3/30/2015,,N/A-StillEmployed,Active,IT/IS,Simon Roup,4.0,Indeed,Fully Meets,4.48,5,6,1/3/2019,0,4
f8597d6f51,1,1,0,1,6,3,0,180000,0,11,Director of Sales,RI,F,Married,US Citizen,No,White,5/5/2014,,N/A-StillEmployed,Active,Sales,Janet King,2.0,LinkedIn,Fully Meets,4.5,4,0,1/21/2019,0,19
6d67e866e7,1,1,0,1,1,3,0,49920,1,2,Administrative Assistant,MA,F,Married,US Citizen,No,Black or African American,2/16/2015,4/15/2015,"no-call, no-show",Terminated for Cause,Admin Offices,Brandon R. LeBlanc,1.0,Indeed,Fully Meets,3.24,3,4,4/15/2015,0,6
888926003c,0,0,0,1,5,3,0,55425,0,19,Production Technician I,MA,F,Single,US Citizen,No,White,2/20/2012,,N/A-StillEmployed,Active,Production       ,Ketsia Liebig,19.0,LinkedIn,Fully Meets,4.8,4,0,1/7/2019,0,4
a837167095,0,0,0,2,5,3,0,69340,0,20,Production Technician II,MA,F,Single,US Citizen,No,White,6/6/2016,,N/A-StillEmployed,Active,Production       ,Elijiah Gray,16.0,LinkedIn,Fully Meets,3.0,5,0,1/18/2019,0,4
72be0609df,0,3,0,2,5,3,0,64995,0,20,Production Technician II,MA,F,Separated,US Citizen,No,White,6/5/2015,,N/A-StillEmployed,Active,Production       ,Webster Butler,,Indeed,Fully Meets,4.5,3,0,2/14/2019,0,6
cf362b0e61,0,2,0,5,5,3,0,68182,1,20,Production Technician II,MA,F,Divorced,US Citizen,No,White,2/21/2011,4/1/2013,unhappy,Voluntarily Terminated,Production       ,Amy Dunn,11.0,Google Search,Fully Meets,3.72,3,0,2/1/2013,0,18
cffd08d847,1,1,1,5,5,2,0,83082,1,18,Production Manager,MA,M ,Married,US Citizen,No,Asian,2/21/2011,9/24/2012,unhappy,Voluntarily Terminated,Production       ,Janet King,2.0,Indeed,Needs Improvement,2.34,2,0,4/12/2012,3,4
4667a65954,0,0,0,1,5,3,0,51908,0,19,Production Technician I,MA,F,Single,US Citizen,No,White,8/19/2013,,N/A-StillEmployed,Active,Production       ,Brannon Miller,12.0,Indeed,Fully Meets,3.99,3,0,1/14/2019,0,14
a1e69834d4,0,0,0,1,5,3,0,61242,0,19,Production Technician I,MA,F,Single,US Citizen,No,Black or African American,11/5/2012,,N/A-StillEmployed,Active,Production       ,David Stanley,14.0,LinkedIn,Fully Meets,4.1,3,0,1/17/2019,0,7
f518623506,0,2,0,1,5,3,0,45069,0,19,Production Technician I,MA,F,Divorced,US Citizen,No,White,9/30/2013,,N/A-StillEmployed,Active,Production       ,Kissy Sullivan,20.0,Employee Referral,Fully Meets,4.3,5,0,2/22/2019,0,7
74c1280d1d,0,2,0,1,5,4,0,60724,0,20,Production Technician II,MA,F,Divorced,US Citizen,No,American Indian or Alaska Native,7/5/2011,,N/A-StillEmployed,Active,Production       ,Ketsia Liebig,19.0,LinkedIn,Exceeds,4.6,4,0,2/25/2019,0,11
0b0a7ab838,0,3,0,1,5,3,0,60436,0,19,Production Technician I,MA,F,Separated,US Citizen,No,White,1/6/2014,,N/A-StillEmployed,Active,Production       ,Kelley Spirea,18.0,LinkedIn,Fully Meets,5.0,5,0,1/21/2019,0,9
ae286d2536,1,1,1,5,5,4,0,46837,1,19,Production Technician I,MA,M ,Married,US Citizen,No,White,11/7/2011,4/29/2018,more money,Voluntarily Terminated,Production       ,Michael Albert,22.0,CareerBuilder,Exceeds,4.7,4,0,2/14/2018,0,9
af285d72b6,1,1,0,3,3,3,0,105700,0,8,Database Administrator,MA,F,Married,US Citizen,No,Asian,1/5/2015,,N/A-StillEmployed,Active,IT/IS,Simon Roup,4.0,Indeed,Fully Meets,3.75,3,5,2/11/2019,0,2
3109b63958,0,0,0,1,5,4,0,63322,0,20,Production Technician II,MA,F,Single,US Citizen,No,White,7/7/2014,,N/A-StillEmployed,Active,Production       ,Brannon Miller,12.0,LinkedIn,Exceeds,4.3,3,0,1/11/2019,0,1
14ddd1122e,1,1,0,5,5,3,0,61154,1,19,Production Technician I,MA,F,Married,US Citizen,No,Black or African American,1/10/2011,4/1/2016,unhappy,Voluntarily Terminated,Production       ,Elijiah Gray,16.0,CareerBuilder,Fully Meets,4.0,4,0,2/3/2016,0,4
07e2b6c7fa,0,0,0,5,6,3,0,68999,1,21,Sales Manager,PA,F,Single,US Citizen,No,White,11/7/2011,4/24/2014,maternity leave - did not return,Voluntarily Terminated,Sales,Debra Houlihan,15.0,Google Search,Fully Meets,4.5,5,0,3/30/2013,0,2
93363b03d7,0,0,1,1,5,3,0,50482,0,19,Production Technician I,MA,M ,Single,US Citizen,No,White,9/30/2013,,N/A-StillEmployed,Active,Production       ,Michael Albert,22.0,Indeed,Fully Meets,3.07,4,0,1/23/2019,0,10
73d5057dbf,0,0,1,1,6,3,0,65310,0,3,Area Sales Manager,CO,M ,Single,US Citizen,No,White,8/19/2013,,N/A-StillEmployed,Active,Sales,Lynn Daneault,21.0,Indeed,Fully Meets,4.3,5,0,1/22/2019,0,13
cf06f44047,1,1,0,1,2,3,0,250000,0,16,President & CEO,MA,F,Married,US Citizen,Yes,White,7/2/2012,,N/A-StillEmployed,Active,Executive Office,Board of Directors,9.0,Indeed,Fully Meets,4.83,3,0,1/17/2019,0,10
c710fcca22,1,1,0,5,5,3,0,54005,1,19,Production Technician I,MA,F,Married,US Citizen,No,White,9/26/2011,6/4/2015,more money,Voluntarily Terminated,Production       ,Webster Butler,39.0,Google Search,Fully Meets,3.6,5,0,3/1/2015,0,16
5165022d60,1,1,0,5,5,3,0,45433,1,19,Production Technician I,MA,F,Married,US Citizen,No,White,9/26/2011,1/9/2014,more money,Voluntarily Terminated,Production       ,Amy Dunn,11.0,Google Search,Fully Meets,3.49,4,0,1/30/2013,0,6
9957dff468,0,0,1,1,5,3,0,46654,0,19,Production Technician I,MA,M ,Single,US Citizen,No,Black or African American,2/17/2014,,N/A-StillEmployed,Active,Production       ,Ketsia Liebig,19.0,LinkedIn,Fully Meets,3.1,3,0,2/6/2019,0,3
dfec1c365c,1,1,1,1,5,3,0,63973,0,19,Production Technician I,MA,M ,Married,US Citizen,No,Asian,1/10/2011,,N/A-StillEmployed,Active,Production       ,Brannon Miller,12.0,Indeed,Fully Meets,3.38,3,0,1/21/2019,0,17
649bf78412,0,0,1,1,6,3,1,71339,0,3,Area Sales Manager,NY,M ,Single,US Citizen,Yes,Black or African American,3/7/2011,,N/A-StillEmployed,Active,Sales,John Smith,17.0,Diversity Job Fair,Fully Meets,3.65,5,0,1/17/2019,0,20
263641d6cb,1,1,1,3,3,3,0,93206,0,28,Sr. Network Engineer,MA,M ,Married,US Citizen,No,White,11/10/2014,,N/A-StillEmployed,Active,IT/IS,Peter Monroe,7.0,Employee Referral,Fully Meets,4.46,5,6,1/7/2019,0,7
cce6cf158e,1,1,1,4,5,3,0,82758,1,18,Production Manager,MA,M ,Married,US Citizen,No,White,1/10/2011,12/12/2015,attendance,Terminated for Cause,Production       ,Janet King,2.0,Employee Referral,Fully Meets,4.78,4,0,2/15/2015,0,9
629592eff2,0,2,0,5,5,3,0,66074,1,20,Production Technician II,MA,F,Divorced,US Citizen,No,Asian,1/7/2013,3/31/2014,Another position,Voluntarily Terminated,Production       ,David Stanley,14.0,Indeed,Fully Meets,4.52,3,0,2/20/2014,0,20
fcb33b533f,1,1,1,1,5,3,0,46120,0,19,Production Technician I,MA,M ,Married,US Citizen,No,White,7/9/2012,,N/A-StillEmployed,Active,Production       ,David Stanley,14.0,LinkedIn,Fully Meets,5.0,5,0,2/4/2019,0,13
0051f07c82,0,2,1,1,1,3,0,64520,0,1,Accountant I,MA,M ,Divorced,US Citizen,No,Black or African American,1/6/2014,,N/A-StillEmployed,Active,Admin Offices,Brandon R. LeBlanc,1.0,Website,Fully Meets,5.0,4,4,1/17/2019,0,3
b61072c8f6,1,1,1,5,5,3,0,61962,1,20,Production Technician II,MA,M ,Married,US Citizen,No,White,4/2/2012,4/15/2013,more money,Voluntarily Terminated,Production       ,Kissy Sullivan,20.0,Google Search,Fully Meets,4.9,3,0,2/20/2013,0,20
693a6223ed,0,0,0,1,3,3,0,81584,0,22,Senior BI Developer,MA,F,Single,US Citizen,No,Asian,10/2/2016,,N/A-StillEmployed,Active,IT/IS,Brian Champaigne,13.0,Indeed,Fully Meets,4.1,5,7,1/8/2019,0,2
aae65c5a7d,0,0,0,5,5,3,0,63676,1,19,Production Technician I,MA,F,Single,US Citizen,No,Asian,9/26/2011,8/19/2018,return to school,Voluntarily Terminated,Production       ,Kissy Sullivan,20.0,CareerBuilder,Fully Meets,4.88,3,0,7/2/2017,0,17
f677548fe2,1,1,1,1,1,3,0,93046,0,23,Shared Services Manager,MA,M ,Married,US Citizen,No,White,1/5/2016,,N/A-StillEmployed,Active,Admin Offices,Janet King,2.0,CareerBuilder,Fully Meets,4.1,4,0,1/28/2019,0,20
b3206098b6,1,1,1,1,5,3,0,64738,0,19,Production Technician I,MA,M ,Married,US Citizen,No,Asian,5/14/2012,,N/A-StillEmployed,Active,Production       ,Elijiah Gray,16.0,Google Search,Fully Meets,4.1,3,0,2/22/2019,0,10
0e9566210a,0,3,1,1,6,3,0,70468,0,3,Area Sales Manager,UT,M ,Separated,US Citizen,No,Black or African American,4/30/2012,,N/A-StillEmployed,Active,Sales,John Smith,17.0,Website,Fully Meets,4.53,3,0,1/29/2019,0,16
d31154b99b,1,1,0,1,5,4,0,77915,0,18,Production Manager,MA,F,Married,US Citizen,No,White,9/30/2013,,N/A-StillEmployed,Active,Production       ,Janet King,2.0,Website,Exceeds,4.1,3,0,1/21/2019,0,11
22b71b06d2,1,1,0,5,5,3,0,52624,1,19,Production Technician I,MA,F,Married,US Citizen,No,White,7/5/2011,9/26/2018,unhappy,Voluntarily Terminated,Production       ,Michael Albert,22.0,Indeed,Fully Meets,3.18,4,0,3/2/2018,0,16
9a5de536dc,1,1,1,3,5,3,0,63450,0,20,Production Technician II,MA,M ,Married,US Citizen,No,White,7/8/2013,,N/A-StillEmployed,Active,Production       ,Kelley Spirea,18.0,LinkedIn,Fully Meets,4.0,3,0,2/18/2019,0,7
1dcd9294f4,0,0,0,1,3,4,1,51777,0,14,IT Support,CT,F,Single,US Citizen,Yes,Black or African American,1/21/2011,,N/A-StillEmployed,Active,IT/IS,Eric Dougall,6.0,Diversity Job Fair,Exceeds,4.64,4,5,1/25/2019,0,14
7556661af0,0,4,0,5,5,3,0,67237,1,20,Production Technician II,MA,F,Widowed,US Citizen,No,White,7/8/2013,9/15/2016,more money,Voluntarily Terminated,Production       ,Michael Albert,22.0,LinkedIn,Fully Meets,4.65,4,0,6/10/2016,0,15
b6bf6e25c4,0,0,0,1,5,4,0,73330,0,20,Production Technician II,MA,F,Single,US Citizen,No,Black or African American,8/19/2013,,N/A-StillEmployed,Active,Production       ,Elijiah Gray,16.0,Indeed,Exceeds,4.2,4,0,2/12/2019,0,19
7937a65bb2,1,1,0,3,5,3,0,52057,0,19,Production Technician I,MA,F,Married,US Citizen,No,Black or African American,2/16/2015,,N/A-StillEmployed,Active,Production       ,Elijiah Gray,16.0,Website,Fully Meets,5.0,3,0,1/23/2019,0,6
7e86bbd350,0,0,0,5,5,4,1,47434,1,19,Production Technician I,MA,F,Single,US Citizen,Yes,Black or African American,11/7/2011,11/14/2015,Another position,Voluntarily Terminated,Production       ,Webster Butler,39.0,Diversity Job Fair,Exceeds,5.0,4,0,2/2/2015,0,17
9030d63435,0,4,1,5,5,3,0,52788,1,19,Production Technician I,MA,M ,Widowed,US Citizen,No,White,9/24/2012,9/26/2017,hours,Voluntarily Terminated,Production       ,Amy Dunn,11.0,Indeed,Fully Meets,3.08,4,0,4/1/2017,0,18
b9313d74c9,0,0,0,1,5,3,0,45395,0,19,Production Technician I,MA,F,Single,US Citizen,No,White,1/6/2014,,N/A-StillEmployed,Active,Production       ,Ketsia Liebig,19.0,LinkedIn,Fully Meets,4.6,4,0,2/26/2019,0,14
7f3a916404,1,1,0,2,5,3,0,62385,0,20,Production Technician II,MA,F,Married,US Citizen,No,White,5/11/2016,,N/A-StillEmployed,Active,Production       ,Webster Butler,,LinkedIn,Fully Meets,5.0,3,0,1/21/2019,0,4
7cdf6b6585,1,1,0,5,5,3,0,68407,1,20,Production Technician II,MA,F,Married,US Citizen,No,Two or more races,7/5/2011,8/19/2012,Another position,Voluntarily Terminated,Production       ,Amy Dunn,11.0,LinkedIn,Fully Meets,5.0,4,0,7/2/2012,0,16
5de4cabc26,1,1,0,1,5,3,0,61349,0,19,Production Technician I,MA,F,Married,US Citizen,No,White,11/11/2013,,N/A-StillEmployed,Active,Production       ,Brannon Miller,12.0,LinkedIn,Fully Meets,4.1,3,0,1/22/2019,0,11
cae6d28fb6,0,0,0,1,4,3,0,105688,0,24,Software Engineer,MA,F,Single,US Citizen,No,Asian,11/11/2013,,N/A-StillEmployed,Active,Software Engineering,Alex Sweetwater,10.0,Google Search,Fully Meets,4.5,5,4,1/14/2019,0,14
ce1bd26737,1,1,0,1,5,3,0,54132,0,19,Production Technician I,MA,F,Married,US Citizen,No,White,5/31/2011,,N/A-StillEmployed,Active,Production       ,David Stanley,14.0,Indeed,Fully Meets,5.0,4,0,1/10/2019,0,8
42a00dc751,0,0,0,1,5,3,0,55315,0,20,Production Technician II,MA,F,Single,US Citizen,No,Black or African American,3/30/2015,,N/A-StillEmployed,Active,Production       ,Ketsia Liebig,19.0,LinkedIn,Fully Meets,5.0,5,0,2/7/2019,0,16
ce96d2e212,1,1,0,1,5,3,0,62810,0,19,Production Technician I,MA,F,Married,US Citizen,No,Black or African American,1/7/2013,,N/A-StillEmployed,Active,Production       ,Kissy Sullivan,20.0,CareerBuilder,Fully Meets,3.93,3,0,1/30/2019,0,20
1ce8b219a4,1,1,1,2,6,3,0,63291,0,3,Area Sales Manager,TX,M ,Married,US Citizen,No,Two or more races,7/6/2016,,N/A-StillEmployed,Active,Sales,Lynn Daneault,21.0,Website,Fully Meets,3.4,4,0,1/29/2019,0,7
238e635694,0,0,0,5,5,3,1,62659,1,19,Production Technician I,MA,F,Single,US Citizen,No,Black or African American,4/2/2012,11/11/2016,Another position,Voluntarily Terminated,Production       ,Kelley Spirea,18.0,Diversity Job Fair,Fully Meets,4.18,4,0,2/5/2016,0,17
b9f8326233,0,0,0,1,5,3,0,55688,0,19,Production Technician I,MA,F,Single,US Citizen,No,White,3/30/2015,,N/A-StillEmployed,Active,Production       ,Michael Albert,22.0,CareerBuilder,Fully Meets,5.0,4,0,1/21/2019,0,10
0122d28d5d,0,0,1,1,5,3,0,83667,0,18,Production Manager,MA,M ,Single,US Citizen,yes,Hispanic,8/16/2012,,N/A-StillEmployed,Active,Production       ,Janet King,2.0,Indeed,Fully Meets,4.37,3,0,1/14/2019,0,2
2c740dfa38,0,0,1,5,5,1,0,55800,1,20,Production Technician II,MA,M ,Single,US Citizen,No,White,8/15/2011,9/4/2014,unhappy,Voluntarily Terminated,Production       ,Brannon Miller,12.0,LinkedIn,PIP,3.0,2,0,1/14/2013,6,6
ac640cfbfc,1,1,1,1,5,3,0,58207,0,20,Production Technician II,MA,M ,Married,US Citizen,No,White,11/7/2011,,N/A-StillEmployed,Active,Production       ,David Stanley,14.0,LinkedIn,Fully Meets,3.7,3,0,1/8/2019,0,14
a405e94f22,1,1,1,1,3,2,1,157000,0,13,IT Manager - Infra,MA,M ,Married,Eligible NonCitizen,Yes,Black or African American,2/15/2012,,N/A-StillEmployed,Active,IT/IS,Jennifer Zamora,5.0,Diversity Job Fair,Needs Improvement,2.39,3,6,2/22/2019,4,13
a4a1bdf4ac,0,0,0,1,5,4,0,72460,0,20,Production Technician II,MA,F,Single,US Citizen,No,Black or African American,5/13/2013,,N/A-StillEmployed,Active,Production       ,Kissy Sullivan,20.0,Indeed,Exceeds,4.7,3,0,1/14/2019,0,1
84b022b4df,0,0,1,3,5,3,1,72106,0,20,Production Technician II,MA,M ,Single,US Citizen,No,Black or African American,1/9/2012,,N/A-StillEmployed,Active,Production       ,Kelley Spirea,18.0,Diversity Job Fair,Fully Meets,4.1,4,0,1/31/2019,0,12
a347ad533c,1,1,0,1,3,3,0,52599,0,15,Network Engineer,MA,F,Married,US Citizen,No,White,2/16/2015,,N/A-StillEmployed,Active,IT/IS,Peter Monroe,7.0,CareerBuilder,Fully Meets,3.81,3,6,2/11/2019,0,6
c66f25a6bd,0,2,0,1,5,3,0,63430,0,19,Production Technician I,MA,F,Divorced,US Citizen,No,White,4/1/2013,,N/A-StillEmployed,Active,Production       ,Elijiah Gray,16.0,LinkedIn,Fully Meets,4.4,4,0,1/17/2019,0,18
cb88597a5e,0,3,1,1,5,3,0,74417,0,20,Production Technician II,MA,M ,Separated,US Citizen,No,Black or African American,5/13/2013,,N/A-StillEmployed,Active,Production       ,Michael Albert,22.0,LinkedIn,Fully Meets,4.29,5,0,1/28/2019,0,11
beedc4f5af,0,0,1,1,5,3,0,57575,0,19,Production Technician I,MA,M ,Single,US Citizen,No,Asian,7/8/2013,,N/A-StillEmployed,Active,Production       ,Kissy Sullivan,20.0,LinkedIn,Fully Meets,4.1,4,0,1/22/2019,0,13
ff6c4ffb0a,0,0,1,1,3,3,0,87921,0,22,Senior BI Developer,MA,M ,Single,US Citizen,No,Asian,2/10/2017,,N/A-StillEmployed,Active,IT/IS,Brian Champaigne,13.0,Indeed,Fully Meets,5.0,3,6,2/25/2019,0,17
a8ef97da6c,0,0,1,5,5,3,1,50470,1,19,Production Technician I,MA,M ,Single,US Citizen,No,Black or African American,9/26/2011,4/4/2014,return to school,Voluntarily Terminated,Production       ,Webster Butler,39.0,Diversity Job Fair,Fully Meets,4.3,3,0,3/2/2013,0,19
67485ee0f4,1,1,1,5,5,3,0,46664,1,19,Production Technician I,MA,M ,Married,US Citizen,No,White,4/1/2013,5/25/2016,more money,Voluntarily Terminated,Production       ,Amy Dunn,11.0,Employee Referral,Fully Meets,3.18,3,0,3/6/2016,0,10
868041e860,1,1,1,3,5,3,0,48495,0,19,Production Technician I,MA,M ,Married,US Citizen,No,White,5/12/2014,,N/A-StillEmployed,Active,Production       ,Ketsia Liebig,19.0,LinkedIn,Fully Meets,5.0,5,0,2/18/2019,0,11
9346f5815d,0,3,0,1,5,4,1,52984,0,19,Production Technician I,MA,F,Separated,US Citizen,No,Black or African American,4/1/2013,,N/A-StillEmployed,Active,Production       ,Brannon Miller,12.0,Diversity Job Fair,Exceeds,4.0,3,0,2/13/2019,0,12
6cdf1ad6d7,0,0,0,1,6,3,0,63695,0,3,Area Sales Manager,GA,F,Single,US Citizen,No,Two or more races,7/8/2013,,N/A-StillEmployed,Active,Sales,Lynn Daneault,21.0,Indeed,Fully Meets,5.0,5,0,1/25/2019,0,2
13703a6352,0,0,0,1,5,3,0,62061,0,19,Production Technician I,MA,F,Single,US Citizen,No,White,7/8/2013,,N/A-StillEmployed,Active,Production       ,David Stanley,14.0,LinkedIn,Fully Meets,3.6,5,0,1/2/2019,0,4
7bdb4b8855,0,0,0,1,5,3,0,66738,0,20,Production Technician II,MA,F,Single,US Citizen,No,White,11/10/2014,,N/A-StillEmployed,Active,Production       ,Elijiah Gray,16.0,Indeed,Fully Meets,4.53,5,0,1/16/2019,0,5
7d56b226db,0,0,0,4,5,1,0,52674,1,19,Production Technician I,MA,F,Single,US Citizen,No,Two or more races,3/31/2014,5/1/2018,performance,Terminated for Cause,Production       ,Kissy Sullivan,20.0,LinkedIn,PIP,2.33,2,0,3/9/2018,6,3
887cb66ea1,1,1,0,5,5,3,0,71966,1,20,Production Technician II,MA,F,Married,US Citizen,No,Asian,5/14/2012,8/19/2013,unhappy,Voluntarily Terminated,Production       ,Webster Butler,39.0,LinkedIn,Fully Meets,5.0,3,0,7/2/2013,0,17
289ee09518,0,0,0,1,6,3,0,63051,0,3,Area Sales Manager,FL,F,Single,US Citizen,Yes,White,9/30/2013,,N/A-StillEmployed,Active,Sales,Lynn Daneault,21.0,Indeed,Fully Meets,4.28,3,0,1/25/2019,0,1
30bb9d4278,1,1,1,1,5,4,0,47414,0,19,Production Technician I,MA,M ,Married,US Citizen,No,White,9/30/2013,,N/A-StillEmployed,Active,Production       ,Kelley Spirea,18.0,LinkedIn,Exceeds,5.0,3,0,2/7/2019,0,13
7880bca347,0,0,1,1,5,2,0,53060,0,19,Production Technician I,MA,M ,Single,US Citizen,No,Black or African American,2/17/2014,,N/A-StillEmployed,Active,Production       ,Michael Albert,22.0,LinkedIn,Needs Improvement,4.25,3,0,2/4/2019,4,6
8f33313daf,0,0,1,1,6,3,0,68829,0,3,Area Sales Manager,NC,M ,Single,US Citizen,No,White,1/5/2015,,N/A-StillEmployed,Active,Sales,John Smith,17.0,Website,Fully Meets,5.0,5,0,1/14/2019,0,18
62ede0bb1e,1,1,0,5,5,3,0,63515,1,19,Production Technician I,MA,F,Married,US Citizen,No,White,2/7/2011,1/12/2014,Another position,Voluntarily Terminated,Production       ,Elijiah Gray,16.0,Google Search,Fully Meets,3.89,4,0,3/4/2013,0,7
39a24f651f,0,0,1,5,4,4,1,108987,1,24,Software Engineer,MA,M ,Single,US Citizen,No,Black or African American,11/7/2011,9/7/2015,Another position,Voluntarily Terminated,Software Engineering,Alex Sweetwater,10.0,Diversity Job Fair,Exceeds,5.0,5,3,8/16/2015,0,13
d8a847f05c,1,1,1,5,3,3,0,93093,1,9,Data Analyst,MA,M ,Married,US Citizen,No,White,12/1/2014,5/1/2016,performance,Voluntarily Terminated,IT/IS,Simon Roup,4.0,Employee Referral,Fully Meets,4.7,4,5,1/16/2016,0,19
671c292826,0,0,1,5,5,2,0,53564,1,19,Production Technician I,MA,M ,Single,US Citizen,No,Black or African American,1/10/2011,12/28/2017,career change,Voluntarily Terminated,Production       ,Webster Butler,39.0,Google Search,Needs Improvement,3.54,5,0,4/6/2017,4,15
e58d01d4a7,1,1,0,5,5,2,0,60270,1,20,Production Technician II,MA,F,Married,US Citizen,No,Asian,7/5/2011,9/15/2015,unhappy,Voluntarily Terminated,Production       ,Amy Dunn,11.0,CareerBuilder,Needs Improvement,2.4,5,0,2/6/2015,5,2
705fc84f1a,0,0,0,5,5,3,0,45998,1,19,Production Technician I,MA,F,Single,US Citizen,No,White,5/16/2011,10/25/2015,medical issues,Voluntarily Terminated,Production       ,Amy Dunn,11.0,LinkedIn,Fully Meets,3.45,4,0,5/13/2014,0,5
94f364c941,1,1,0,5,5,4,0,57954,1,20,Production Technician II,MA,F,Married,US Citizen,No,White,5/16/2011,2/4/2013,more money,Voluntarily Terminated,Production       ,Ketsia Liebig,19.0,Indeed,Exceeds,4.2,5,0,1/10/2013,0,12
33f42cf25b,1,1,0,5,5,3,0,74669,1,18,Production Manager,MA,F,Married,US Citizen,No,White,10/25/2010,5/18/2016,Another position,Voluntarily Terminated,Production       ,Janet King,2.0,Indeed,Fully Meets,4.16,5,0,3/5/2015,0,6
dded0c92ff,1,1,0,1,5,3,0,74226,0,20,Production Technician II,MA,F,Married,Eligible NonCitizen,No,Asian,4/2/2012,,N/A-StillEmployed,Active,Production       ,Brannon Miller,12.0,LinkedIn,Fully Meets,4.3,3,0,1/14/2019,0,14
9fc33162fe,1,1,0,1,3,4,0,93554,0,9,Data Analyst,MA,F,Married,US Citizen,No,Black or African American,11/10/2014,,N/A-StillEmployed,Active,IT/IS,Simon Roup,4.0,Employee Referral,Exceeds,4.6,5,7,1/4/2019,0,16
e1de590f97,1,1,1,5,5,3,0,64724,1,19,Production Technician I,MA,M ,Married,US Citizen,No,Asian,7/5/2011,11/30/2012,more money,Voluntarily Terminated,Production       ,Brannon Miller,12.0,Google Search,Fully Meets,5.0,3,0,2/20/2012,0,13
e206d46ea3,0,0,1,1,5,3,0,47001,0,19,Production Technician I,MA,M ,Single,US Citizen,No,White,11/5/2007,,N/A-StillEmployed,Active,Production       ,David Stanley,14.0,Google Search,Fully Meets,3.66,3,0,2/25/2019,0,15
6caeaf865f,1,1,0,1,6,3,0,61844,0,3,Area Sales Manager,KY,F,Married,US Citizen,No,Black or African American,1/9/2012,,N/A-StillEmployed,Active,Sales,Lynn Daneault,21.0,Website,Fully Meets,4.2,5,0,2/1/2019,0,9
e1f5022a5a,0,2,0,5,5,3,0,46799,1,19,Production Technician I,MA,F,Divorced,Eligible NonCitizen,No,Asian,5/16/2011,6/4/2018,Another position,Voluntarily Terminated,Production       ,Kissy Sullivan,20.0,Google Search,Fully Meets,3.17,4,0,4/2/2018,0,14
5aade93f13,0,0,1,1,5,3,0,59472,0,19,Production Technician I,MA,M ,Single,US Citizen,No,White,1/6/2014,,N/A-StillEmployed,Active,Production       ,Kelley Spirea,18.0,Employee Referral,Fully Meets,4.8,3,0,1/7/2019,0,14
5dd495036d,0,2,0,5,5,3,0,46430,1,19,Production Technician I,MA,F,Divorced,US Citizen,No,White,9/24/2012,6/18/2013,unhappy,Voluntarily Terminated,Production       ,Kissy Sullivan,20.0,Indeed,Fully Meets,4.5,5,0,4/2/2013,0,16
cc05c15df1,1,1,1,5,1,3,1,83363,1,23,Software Engineer,MA,M ,Married,Eligible NonCitizen,No,Black or African American,2/21/2011,8/15/2015,career change,Voluntarily Terminated,Software Engineering,Janet King,2.0,Diversity Job Fair,Fully Meets,4.15,4,0,4/19/2014,0,4
8368c0df4a,1,1,0,1,3,3,0,95920,0,4,BI Developer,MA,F,Married,US Citizen,No,Black or African American,10/2/2016,,N/A-StillEmployed,Active,IT/IS,Brian Champaigne,13.0,Indeed,Fully Meets,4.4,4,6,2/6/2019,0,10
28e2072f18,0,2,1,5,5,3,0,61729,1,19,Production Technician I,MA,M ,Divorced,US Citizen,No,White,9/26/2011,4/7/2018,more money,Voluntarily Terminated,Production       ,Michael Albert,22.0,Indeed,Fully Meets,3.8,5,0,2/4/2018,0,19
4f7c145f22,1,1,1,1,6,3,0,61809,0,3,Area Sales Manager,ID,M ,Married,US Citizen,No,White,5/12/2014,,N/A-StillEmployed,Active,Sales,John Smith,17.0,CareerBuilder,Fully Meets,3.98,3,0,1/28/2019,0,4
548f9e872f,0,2,1,5,5,3,0,45115,1,19,Production Technician I,MA,M ,Divorced,US Citizen,Yes,White,5/16/2011,1/15/2016,retiring,Voluntarily Terminated,Production       ,Elijiah Gray,16.0,LinkedIn,Fully Meets,5.0,4,0,3/30/2015,0,11
a7bbe42056,1,1,0,1,5,4,0,46738,0,19,Production Technician I,MA,F,Married,US Citizen,No,Asian,11/28/2011,,N/A-StillEmployed,Active,Production       ,Webster Butler,,Google Search,Exceeds,4.36,5,0,2/11/2019,0,16
3774f86882,0,2,0,5,5,3,0,64971,1,20,Production Technician II,MA,F,Divorced,Eligible NonCitizen,No,Black or African American,9/26/2011,10/22/2011,return to school,Voluntarily Terminated,Production       ,David Stanley,14.0,Google Search,Fully Meets,4.5,4,0,10/22/2011,0,10
af2dfb9f7c,1,1,1,5,5,3,0,55578,1,20,Production Technician II,MA,M ,Married,US Citizen,No,White,7/5/2011,2/8/2012,Another position,Voluntarily Terminated,Production       ,Kissy Sullivan,20.0,Indeed,Fully Meets,4.2,5,0,1/6/2012,0,13
6edef2e838,1,1,1,5,5,3,0,50428,1,19,Production Technician I,MA,M ,Married,US Citizen,No,Black or African American,1/10/2011,1/26/2016,attendance,Voluntarily Terminated,Production       ,Amy Dunn,11.0,Indeed,Fully Meets,5.0,3,0,1/10/2015,0,11
04e6a20455,1,1,0,4,5,2,0,61422,1,19,Production Technician I,MA,F,Married,US Citizen,No,White,1/10/2011,5/17/2016,attendance,Terminated for Cause,Production       ,Ketsia Liebig,19.0,Indeed,Needs Improvement,3.6,3,0,4/5/2016,4,16
f3bd0ba092,0,4,1,1,5,4,0,63353,0,19,Production Technician I,MA,M ,Widowed,US Citizen,No,White,7/8/2013,,N/A-StillEmployed,Active,Production       ,Brannon Miller,12.0,Employee Referral,Exceeds,3.6,5,0,2/11/2019,0,4
b3a0027f89,1,1,0,1,3,3,0,89883,0,9,Data Analyst,MA,F,Married,US Citizen,No,White,2/16/2015,,N/A-StillEmployed,Active,IT/IS,Simon Roup,4.0,Employee Referral,Fully Meets,3.69,5,6,2/14/2019,0,15
e0b4e6c4f1,0,0,0,5,3,3,0,120000,1,29,Principal Data Architect,MA,F,Single,US Citizen,Yes,White,1/5/2015,11/10/2018,Another position,Voluntarily Terminated,IT/IS,Simon Roup,4.0,LinkedIn,Fully Meets,3.88,3,7,2/13/2018,0,12
93a568e902,0,0,0,1,3,3,0,150290,0,7,Data Architect,MA,F,Single,US Citizen,No,Black or African American,1/7/2017,,N/A-StillEmployed,Active,IT/IS,Brian Champaigne,13.0,Indeed,Fully Meets,4.94,3,5,2/6/2019,0,17
45d944d06f,0,3,0,1,5,3,0,60627,0,19,Production Technician I,MA,F,Separated,US Citizen,No,White,1/6/2014,,N/A-StillEmployed,Active,Production       ,David Stanley,14.0,Website,Fully Meets,5.0,4,0,1/31/2019,0,8
bba040631c,0,0,1,5,5,3,0,53180,1,19,Production Technician I,MA,M ,Single,US Citizen,No,White,4/4/2011,8/13/2018,Another position,Voluntarily Terminated,Production       ,Kissy Sullivan,20.0,Google Search,Fully Meets,5.0,5,0,7/2/2018,0,4
217632e82f,0,0,1,1,3,3,0,140920,0,13,IT Manager - DB,MA,M ,Single,US Citizen,No,White,1/20/2013,,N/A-StillEmployed,Active,IT/IS,Jennifer Zamora,5.0,Indeed,Fully Meets,3.6,5,7,2/18/2019,0,13
8c747f11b9,0,2,1,5,3,3,1,148999,1,13,IT Manager - DB,MA,M ,Divorced,US Citizen,No,Black or African American,1/9/2012,11/4/2015,hours,Voluntarily Terminated,IT/IS,Jennifer Zamora,5.0,Diversity Job Fair,Fully Meets,4.3,4,6,1/4/2015,0,8
a7e6146787,1,1,0,1,4,3,0,86214,0,24,Software Engineer,MA,F,Married,US Citizen,No,White,11/5/2012,,N/A-StillEmployed,Active,Software Engineering,Alex Sweetwater,10.0,Indeed,Fully Meets,4.2,3,6,2/13/2019,0,2
ad42da4ebc,0,0,0,2,5,2,1,47750,0,19,Production Technician I,MA,F,Single,US Citizen,No,Black or African American,7/4/2016,,N/A-StillEmployed,Active,Production       ,Kelley Spirea,18.0,Diversity Job Fair,Needs Improvement,2.6,4,0,2/18/2019,5,4
6d423a9cd0,0,0,1,5,5,3,0,46428,1,19,Production Technician I,MA,M ,Single,US Citizen,No,White,1/5/2009,7/30/2018,relocation out of area,Voluntarily Terminated,Production       ,Michael Albert,22.0,Google Search,Fully Meets,4.6,5,0,2/5/2018,0,7
ffa5487c8a,1,1,1,1,5,3,0,57975,0,20,Production Technician II,MA,M ,Married,US Citizen,No,White,8/30/2010,,N/A-StillEmployed,Active,Production       ,Kelley Spirea,18.0,CareerBuilder,Fully Meets,4.1,3,0,1/10/2019,0,13
3a65697747,0,2,1,5,3,3,0,88527,1,9,Data Analyst ,MA,M ,Divorced,US Citizen,No,Black or African American,1/5/2015,10/31/2015,hours,Voluntarily Terminated,IT/IS,Simon Roup,4.0,LinkedIn,Fully Meets,4.2,3,5,4/20/2015,0,2
f0d882629f,1,1,0,1,5,3,0,56147,0,19,Production Technician I,MA,F,Married,US Citizen,No,Black or African American,9/29/2014,,N/A-StillEmployed,Active,Production       ,Elijiah Gray,16.0,LinkedIn,Fully Meets,3.51,3,0,2/18/2019,0,2
a6c4b1e6e8,0,0,0,3,5,3,0,50923,0,19,Production Technician I,MA,F,Single,US Citizen,No,Asian,9/30/2013,,N/A-StillEmployed,Active,Production       ,Webster Butler,,Google Search,Fully Meets,5.0,5,0,2/6/2019,0,14
27c5df19f6,1,1,0,1,3,3,0,50750,0,15,Network Engineer,MA,F,Married,US Citizen,No,White,9/30/2014,,N/A-StillEmployed,Active,IT/IS,Peter Monroe,7.0,LinkedIn,Fully Meets,3.31,3,6,1/7/2019,0,7
da2f9005dd,1,1,0,1,5,3,0,52087,0,19,Production Technician I,MA,F,Married,US Citizen,No,White,8/19/2013,,N/A-StillEmployed,Active,Production       ,Amy Dunn,11.0,LinkedIn,Fully Meets,4.81,4,0,2/15/2019,0,15
1ee61e78ef,1,1,1,1,3,3,0,87826,0,9,Data Analyst,MA,M ,Married,US Citizen,Yes,White,1/5/2015,,N/A-StillEmployed,Active,IT/IS,Simon Roup,4.0,Employee Referral,Fully Meets,3.32,3,7,1/14/2019,0,16
eb2537fbfb,0,0,0,1,1,3,0,51920,0,2,Administrative Assistant,MA,F,Single,US Citizen,No,White,5/1/2015,,N/A-StillEmployed,Active,Admin Offices,Brandon R. LeBlanc,1.0,Website,Fully Meets,5.0,3,5,1/15/2019,0,2
c9d15d6210,0,0,0,5,5,3,0,63878,1,20,Production Technician II,MA,F,Single,US Citizen,No,White,10/26/2009,4/8/2015,maternity leave - did not return,Voluntarily Terminated,Production       ,Michael Albert,22.0,CareerBuilder,Fully Meets,4.68,4,0,4/2/2015,0,20
eeb728dab5,0,0,1,1,5,4,0,60656,0,20,Production Technician II,MA,M ,Single,US Citizen,No,White,9/29/2014,,N/A-StillEmployed,Active,Production       ,Elijiah Gray,16.0,Indeed,Exceeds,4.3,3,0,1/28/2019,0,4
e127fd4e0c,0,2,1,1,6,2,1,72992,0,21,Sales Manager,MA,M ,Divorced,US Citizen,No,Black or African American,5/18/2014,,N/A-StillEmployed,Active,Sales,Debra Houlihan,15.0,Diversity Job Fair,Needs Improvement,2.4,4,0,1/16/2019,2,16
849bfc4f3d,1,1,0,5,1,3,1,55000,1,2,Administrative Assistant,MA,F,Married,US Citizen,No,Black or African American,9/26/2011,9/25/2013,career change,Voluntarily Terminated,Admin Offices,Brandon R. LeBlanc,1.0,Diversity Job Fair,Fully Meets,3.8,4,4,8/15/2013,0,17
d000a280c8,0,0,0,1,5,3,0,58939,0,19,Production Technician I,MA,F,Single,US Citizen,No,White,11/11/2013,,N/A-StillEmployed,Active,Production       ,Ketsia Liebig,19.0,Employee Referral,Fully Meets,3.73,3,0,1/24/2019,0,16
262859fcd0,1,1,0,1,3,3,0,66593,0,14,IT Support,MA,F,Married,US Citizen,No,Black or African American,6/10/2011,,N/A-StillEmployed,Active,IT/IS,Eric Dougall,6.0,LinkedIn,Fully Meets,4.3,3,5,2/8/2019,0,19
0855ee8b4d,1,1,1,2,3,3,0,87565,0,28,Sr. Network Engineer,MA,M ,Married,US Citizen,No,Asian,6/30/2016,,N/A-StillEmployed,Active,IT/IS,Peter Monroe,7.0,LinkedIn,Fully Meets,3.27,4,5,1/14/2019,0,13
0ad6f49bfd,1,1,0,1,5,1,0,64021,0,19,Production Technician I,MA,F,Married,US Citizen,No,White,2/20/2012,,N/A-StillEmployed,Active,Production       ,Brannon Miller,12.0,Indeed,PIP,2.4,2,1,2/25/2019,6,20
45b52595ed,1,1,0,1,5,3,0,65714,0,18,Production Manager,MA,F,Married,US Citizen,No,White,10/2/2012,,N/A-StillEmployed,Active,Production       ,Janet King,2.0,LinkedIn,Fully Meets,4.83,5,0,2/14/2019,0,15
907e20aa61,0,2,0,5,5,4,0,62425,1,19,Production Technician I,MA,F,Divorced,US Citizen,No,White,5/13/2013,6/29/2015,unhappy,Voluntarily Terminated,Production       ,David Stanley,14.0,LinkedIn,Exceeds,4.1,4,0,3/2/2015,0,16
fb96e9d47b,0,2,0,1,5,3,0,47961,0,19,Production Technician I,MA,F,Divorced,US Citizen,No,Two or more races,1/10/2011,,N/A-StillEmployed,Active,Production       ,Kissy Sullivan,20.0,Google Search,Fully Meets,4.1,4,0,2/7/2019,0,9
f597b2bc54,1,1,1,1,6,1,0,58273,0,3,Area Sales Manager,NV,M ,Married,US Citizen,No,White,5/12/2014,,N/A-StillEmployed,Active,Sales,Lynn Daneault,21.0,Website,PIP,1.81,2,0,1/17/2019,3,5
c260dd4e0e,0,0,1,1,1,3,0,63003,0,1,Accountant I,MA,M ,Single,US Citizen,No,White,9/29/2014,,N/A-StillEmployed,Active,Admin Offices,Brandon R. LeBlanc,1.0,Indeed,Fully Meets,3.9,5,5,1/18/2019,0,9
c5111f763a,1,1,1,1,5,3,0,61355,0,19,Production Technician I,MA,M ,Married,US Citizen,No,Asian,2/17/2014,,N/A-StillEmployed,Active,Production       ,Kelley Spirea,18.0,LinkedIn,Fully Meets,4.7,3,0,1/11/2019,0,4
582460f4ea,1,1,0,1,6,3,0,60120,0,3,Area Sales Manager,MT,F,Married,US Citizen,No,Black or African American,9/27/2010,,N/A-StillEmployed,Active,Sales,John Smith,17.0,Indeed,Fully Meets,4.1,4,0,1/31/2019,0,18
8223f9a6b4,1,1,0,1,5,3,0,63682,0,18,Production Manager,MA,F,Married,US Citizen,No,Black or African American,1/8/2009,,N/A-StillEmployed,Active,Production       ,Janet King,2.0,Indeed,Fully Meets,3.73,4,0,1/24/2019,0,12
f9ff24abdf,1,1,1,1,5,3,0,63025,0,19,Production Technician I,MA,M ,Married,US Citizen,Yes,White,1/5/2015,,N/A-StillEmployed,Active,Production       ,Michael Albert,22.0,Google Search,Fully Meets,4.36,5,0,1/24/2019,0,10
f56f708f15,0,0,0,1,5,3,0,59238,0,19,Production Technician I,MA,F,Single,Eligible NonCitizen,No,Asian,5/14/2012,,N/A-StillEmployed,Active,Production       ,Elijiah Gray,16.0,Indeed,Fully Meets,3.4,5,0,1/31/2019,0,13
be76d57747,0,0,1,1,4,4,0,92989,0,24,Software Engineer,MA,M ,Single,US Citizen,No,White,7/7/2014,,N/A-StillEmployed,Active,Software Engineering,Alex Sweetwater,10.0,LinkedIn,Exceeds,4.5,5,5,2/18/2019,0,1
4a8569a71c,1,1,1,1,3,3,0,90100,0,4,BI Developer,MA,M ,Married,US Citizen,No,White,4/20/2017,,N/A-StillEmployed,Active,IT/IS,Brian Champaigne,13.0,Indeed,Fully Meets,3.4,3,6,1/2/2019,0,14
831eb8fca0,1,1,0,5,5,3,1,60754,1,19,Production Technician I,MA,F,Married,Non-Citizen,No,Black or African American,4/27/2009,4/1/2013,Another position,Voluntarily Terminated,Production       ,Webster Butler,39.0,Diversity Job Fair,Fully Meets,4.5,5,0,2/15/2012,0,11
26868c7327,1,1,0,5,5,3,0,72202,1,20,Production Technician II,MA,F,Married,US Citizen,No,White,5/16/2011,7/8/2017,Another position,Voluntarily Terminated,Production       ,Elijiah Gray,16.0,Google Search,Fully Meets,3.93,3,0,4/18/2017,0,3
f6fa149e8f,0,0,0,1,6,3,0,58370,0,3,Area Sales Manager,OR,F,Single,US Citizen,No,Black or African American,9/29/2014,,N/A-StillEmployed,Active,Sales,Lynn Daneault,21.0,Indeed,Fully Meets,3.69,3,0,1/28/2019,0,18
615d86a481,0,0,0,5,5,3,0,48413,1,19,Production Technician I,MA,F,Single,US Citizen,No,White,7/5/2011,9/5/2016,return to school,Voluntarily Terminated,Production       ,Amy Dunn,11.0,Indeed,Fully Meets,3.98,4,0,3/2/2016,0,1
f75522ac0d,0,4,1,5,5,3,0,67176,1,20,Production Technician II,MA,M ,Widowed,US Citizen,No,White,6/25/2007,8/30/2010,military,Voluntarily Terminated,Production       ,Webster Butler,39.0,Other,Fully Meets,4.1,4,0,7/14/2010,0,15
5d19057fb3,0,2,0,1,5,3,0,56339,0,19,Production Technician I,MA,F,Divorced,US Citizen,No,Black or African American,2/18/2013,,N/A-StillEmployed,Active,Production       ,Brannon Miller,12.0,Indeed,Fully Meets,4.21,5,0,1/14/2019,0,4
3345c02175,0,3,1,1,6,4,0,64397,0,3,Area Sales Manager,ND,M ,Separated,US Citizen,No,White,1/9/2006,,N/A-StillEmployed,Active,Sales,Lynn Daneault,21.0,Indeed,Exceeds,4.1,3,0,1/4/2019,0,6
053ee3f4fd,0,0,0,1,5,2,0,63025,0,19,Production Technician I,MA,F,Single,US Citizen,No,White,2/17/2014,,N/A-StillEmployed,Active,Production       ,David Stanley,14.0,LinkedIn,Needs Improvement,2.44,5,0,2/11/2019,4,18
fd39af35bd,1,1,1,5,3,3,0,75281,1,15,Network Engineer,MA,M ,Married,US Citizen,No,White,1/5/2015,2/12/2016,medical issues,Voluntarily Terminated,IT/IS,Peter Monroe,7.0,CareerBuilder,Fully Meets,5.0,3,5,4/15/2015,0,11
75d8e2b2fe,0,0,1,5,4,3,1,100416,1,24,Software Engineer,MA,M ,Single,Non-Citizen,No,Black or African American,2/18/2013,4/15/2018,medical issues,Voluntarily Terminated,Software Engineering,Alex Sweetwater,10.0,Diversity Job Fair,Fully Meets,4.6,3,4,2/12/2017,0,9
350f95baa5,0,0,0,5,5,3,0,74813,1,20,Production Technician II,MA,F,Single,US Citizen,No,White,1/10/2011,7/2/2014,unhappy,Voluntarily Terminated,Production       ,Amy Dunn,11.0,LinkedIn,Fully Meets,4.4,3,0,1/5/2014,0,5
e1247f0aa9,1,1,1,1,3,3,0,76029,0,15,Network Engineer,MA,M ,Married,Eligible NonCitizen,No,White,3/30/2015,,N/A-StillEmployed,Active,IT/IS,Peter Monroe,7.0,Employee Referral,Fully Meets,5.0,4,7,1/14/2019,0,8
5734391e1c,1,1,0,1,6,3,0,57859,0,3,Area Sales Manager,AZ,F,Married,US Citizen,No,Two or more races,7/5/2011,,N/A-StillEmployed,Active,Sales,John Smith,17.0,Indeed,Fully Meets,2.81,3,0,1/17/2019,0,16
2b42cba299,0,2,1,5,5,4,0,58523,1,19,Production Technician I,MA,M ,Divorced,US Citizen,No,White,8/13/2012,2/5/2016,maternity leave - did not return,Voluntarily Terminated,Production       ,Kissy Sullivan,20.0,LinkedIn,Exceeds,4.5,5,0,2/1/2016,0,15
a25498d98d,0,2,1,1,5,3,0,88976,0,17,Production Manager,MA,M ,Divorced,US Citizen,No,White,8/1/2011,,N/A-StillEmployed,Active,Production       ,Janet King,2.0,Employee Referral,Fully Meets,3.93,3,0,2/27/2019,0,19
e30d72c00b,0,0,1,1,6,3,0,55875,0,3,Area Sales Manager,ME,M ,Single,US Citizen,No,Asian,3/5/2012,,N/A-StillEmployed,Active,Sales,John Smith,17.0,Website,Fully Meets,4.5,4,0,1/18/2019,0,11
b907d989f8,1,1,1,4,3,3,0,113999,1,8,Database Administrator,MA,M ,Married,US Citizen,No,Black or African American,2/16/2015,2/22/2017,"no-call, no-show",Terminated for Cause,IT/IS,Simon Roup,4.0,Employee Referral,Fully Meets,4.33,3,7,2/15/2017,0,9
193b5b531c,1,1,0,4,5,4,0,49773,1,19,Production Technician I,MA,F,Married,US Citizen,No,White,9/26/2011,2/8/2016,gross misconduct,Terminated for Cause,Production       ,Kelley Spirea,18.0,Google Search,Exceeds,4.3,5,0,2/1/2015,0,18
473a66c9d7,0,0,0,2,5,3,0,62068,0,19,Production Technician I,MA,F,Single,US Citizen,No,White,7/5/2015,,N/A-StillEmployed,Active,Production       ,Michael Albert,22.0,LinkedIn,Fully Meets,3.21,3,0,1/29/2019,0,7
bb7722b46d,0,0,1,1,5,3,0,66541,0,20,Production Technician II,MA,M ,Single,US Citizen,No,Black or African American,8/18/2014,,N/A-StillEmployed,Active,Production       ,Ketsia Liebig,19.0,Employee Referral,Fully Meets,3.11,5,0,2/12/2019,0,4
36474d8b8d,1,1,0,5,5,3,1,80512,1,18,Production Manager,MA,F,Married,US Citizen,No,Black or African American,9/26/2011,1/2/2012,Another position,Voluntarily Terminated,Production       ,Janet King,2.0,Diversity Job Fair,Fully Meets,4.5,3,0,1/2/2012,0,5
8a8e59cbd7,0,0,0,5,5,2,0,50274,1,19,Production Technician I,MA,F,Single,US Citizen,No,White,8/13/2012,9/1/2015,career change,Voluntarily Terminated,Production       ,Elijiah Gray,16.0,CareerBuilder,Needs Improvement,2.5,3,0,9/5/2014,6,13
c86ed0f54b,0,0,1,1,3,3,0,84903,0,22,Senior BI Developer,MA,M ,Single,US Citizen,No,Asian,2/15/2017,,N/A-StillEmployed,Active,IT/IS,Brian Champaigne,13.0,Indeed,Fully Meets,3.42,4,7,1/4/2019,0,17
d066b58509,0,4,0,1,3,3,0,107226,0,28,Sr. Network Engineer,MA,F,Widowed,US Citizen,No,Asian,3/30/2015,,N/A-StillEmployed,Active,IT/IS,Peter Monroe,7.0,Employee Referral,Fully Meets,4.2,4,8,2/5/2019,0,7
0d76b0a206,0,0,1,5,5,3,0,58371,1,19,Production Technician I,MA,M ,Single,US Citizen,Yes,White,1/10/2011,5/15/2014,hours,Voluntarily Terminated,Production       ,Webster Butler,39.0,LinkedIn,Fully Meets,5.0,5,0,5/15/2014,0,11
3d3f94192c,1,1,1,5,5,3,0,55140,1,19,Production Technician I,MA,M ,Married,Eligible NonCitizen,No,White,5/16/2011,9/7/2015,unhappy,Voluntarily Terminated,Production       ,Amy Dunn,11.0,Website,Fully Meets,5.0,3,0,2/15/2015,0,7
373bbdeff3,0,2,0,5,5,3,0,58062,1,19,Production Technician I,MA,F,Divorced,US Citizen,No,White,1/10/2011,5/14/2012,Another position,Voluntarily Terminated,Production       ,Ketsia Liebig,19.0,Google Search,Fully Meets,3.6,5,0,2/6/2011,0,9
ed474e6926,0,0,0,5,5,3,1,59728,1,19,Production Technician I,MA,F,Single,US Citizen,Yes,Black or African American,1/9/2012,6/27/2015,relocation out of area,Voluntarily Terminated,Production       ,Ketsia Liebig,19.0,Diversity Job Fair,Fully Meets,4.3,4,0,6/2/2014,0,16
310448c5c1,0,0,1,5,5,4,0,70507,1,20,Production Technician II,MA,M ,Single,US Citizen,No,White,1/7/2013,2/21/2016,retiring,Voluntarily Terminated,Production       ,Brannon Miller,12.0,LinkedIn,Exceeds,5.0,3,0,1/19/2016,0,7
d2f7feecde,0,0,0,1,5,3,0,60446,0,20,Production Technician II,MA,F,Single,US Citizen,No,White,9/29/2014,,N/A-StillEmployed,Active,Production       ,David Stanley,14.0,LinkedIn,Fully Meets,3.4,4,0,2/21/2019,0,14
2751f41935,0,0,1,1,5,3,0,65893,0,20,Production Technician II,MA,M ,Single,US Citizen,No,White,7/7/2014,,N/A-StillEmployed,Active,Production       ,Kissy Sullivan,20.0,LinkedIn,Fully Meets,4.07,4,0,2/28/2019,0,13
a6c43c714c,0,0,0,5,5,1,0,48513,1,19,Production Technician I,MA,F,Single,US Citizen,No,Asian,9/2/2008,9/29/2015,Another position,Voluntarily Terminated,Production       ,Brannon Miller,12.0,Google Search,PIP,3.2,2,0,9/2/2015,5,4
f215683735,0,0,0,1,3,4,0,220450,0,6,CIO,MA,F,Single,US Citizen,No,White,4/10/2010,,N/A-StillEmployed,Active,IT/IS,Janet King,2.0,Employee Referral,Exceeds,4.6,5,6,2/21/2019,0,16
cdc83b44bc,0,0,0,1,3,3,0,89292,0,9,Data Analyst,MA,F,Single,US Citizen,No,White,3/30/2015,,N/A-StillEmployed,Active,IT/IS,Simon Roup,4.0,Employee Referral,Fully Meets,5.0,3,5,2/1/2019,0,11
6db404e5a7,0,4,0,1,5,3,0,45046,0,19,Production Technician I,MA,F,Widowed,US Citizen,No,Asian,9/29/2014,,N/A-StillEmployed,Active,Production       ,David Stanley,14.0,LinkedIn,Fully Meets,4.5,5,0,1/30/2019,0,2
